ID,target
0008fdb22ddce0ce.jpg,2
00091bffdffd83de.jpg,6
00396fbc1f6cc21d.jpg,5
00471f8038d9c4b6.jpg,0
00901f504008d884.jpg,2
009b22decbc7220c.jpg,7
00b33e0ee6d59427.jpg,0
00bbdcfbbdb3e131.jpg,8
00c03047e0fbef40.jpg,15
00c0dabb63ca7a16.jpg,11
00dcea90f63ad630.jpg,9
00e15da96484eb94.jpg,12
00f5784903a39fdd.jpg,16
0111a6728e9f8a73.jpg,9
0114a887a2c2e4ca.jpg,15
01385f22f2490868.jpg,4
0145dd3d1cd090ae.jpg,3
016240faa186d24d.jpg,5
016b0c00cdf93e0a.jpg,13
017ba667291b53c6.jpg,6
017e5da799e1637c.jpg,12
0182bffa56bdd844.jpg,12
019ed42bb4c2caa9.jpg,6
01bd84a54be54b8b.jpg,6
01c918594307c6f2.jpg,3
01ebd05a14e10618.jpg,0
020740b55bbc329e.jpg,7
021e7c8d9dc19021.jpg,16
0298c2151b43d86b.jpg,0
02ac23941313841b.jpg,6
02b370d53ff25d45.jpg,7
02b3712bd48b8644.jpg,0
02b5e73920c3c54e.jpg,10
02f79963274b3c41.jpg,2
02ffc27eff468793.jpg,9
0366fcb21245a5cc.jpg,16
039ff76910d52749.jpg,13
03a7dcbe6b74bb8e.jpg,10
03cb3f2e0962474e.jpg,9
040ba9bc68f4e380.jpg,0
0412f6a5ba912add.jpg,9
04284576791e9ec1.jpg,9
0447bde0b7da3a6c.jpg,0
046c2f2d42bbac35.jpg,9
048efa3d18a4999d.jpg,0
048fe083d6a62591.jpg,8
04917bb8d098898f.jpg,8
049445f90a8a2b8d.jpg,0
04f502c69bb8dcaa.jpg,11
04fc58802ef2f7a6.jpg,13
05050540613224a2.jpg,0
050d88c14e0ea5f9.jpg,10
050e27e8c616e585.jpg,10
05426a351b09c757.jpg,6
0546cab14c4ee65b.jpg,7
0567d092e87d347c.jpg,12
0575671b2c5b34ad.jpg,9
05e33cb53c1ac02a.jpg,5
05f1039b7cbffe72.jpg,15
0639e3932c5f7817.jpg,13
06427235c81111cc.jpg,0
0689f795bd5627e1.jpg,13
068f74f7f3021444.jpg,0
06948b8091b11d1c.jpg,9
06a484eb2afab068.jpg,6
06df33e924e78422.jpg,6
06df57c67fcc47f4.jpg,9
06fb9852b074f191.jpg,12
070f663641adc8c5.jpg,3
0716d938d4ee1685.jpg,6
071a06f75055347b.jpg,3
071d8072ab53ecf5.jpg,10
072731843ae064a6.jpg,8
073b706bf2450eff.jpg,15
075ed6e4c487debc.jpg,3
0778027c660394b0.jpg,13
0793d5249a3b298e.jpg,12
07a5f3b6e75f9caf.jpg,0
07bc5cc66ff8caee.jpg,12
07d545e9eafadf0a.jpg,13
07f6f15c8165caa4.jpg,9
080be7a4c550641c.jpg,9
0827b6ab0fe72b16.jpg,9
082e8c4d8d82eb01.jpg,12
083b515f19482696.jpg,3
083b72fc1d2da17e.jpg,10
08590b0bed418283.jpg,5
086206b3a6bc8ac7.jpg,6
086be978e8e322c9.jpg,13
087764f5ad00bd96.jpg,0
087e0c1c6e93bbc5.jpg,0
08bf436664359a17.jpg,8
08f41aac91eb8bc7.jpg,9
08f54448041c90b1.jpg,15
09194a475da4ddcc.jpg,3
091ab5500f1ff9b6.jpg,16
09297ad7ec71f908.jpg,10
092f91fcb580f212.jpg,11
09447bf11a0500aa.jpg,0
095d28682e8981f7.jpg,11
098f7da78695260d.jpg,14
099398ecd1bcf6bd.jpg,12
09a30d4d88601933.jpg,13
09db80dc3d186a2e.jpg,0
09eb83058248f2ac.jpg,7
09f1aee1561b8b0f.jpg,11
09f8b34f1e3e5743.jpg,2
0a0302cbe2dcdd40.jpg,12
0a12d28777501f71.jpg,16
0a43350242357a3a.jpg,8
0a46d57f7a0b0407.jpg,6
0a4f2decf34d3bff.jpg,2
0a5bf6ba56f069c5.jpg,0
0a95b7e3f2bdc376.jpg,4
0abb9be9652035f2.jpg,6
0aed5278485aad7d.jpg,16
0af2da38454cd083.jpg,2
0b0e7e754b5a103c.jpg,12
0b0f8f84d1b2ae04.jpg,7
0b0fd1e0a11db156.jpg,12
0b14fad2ead8cbea.jpg,2
0b255faf6658e0fa.jpg,0
0b269edda9d67e70.jpg,5
0b365c5adf7f7578.jpg,8
0b44a2ab47ec95eb.jpg,6
0b49d225b1648438.jpg,6
0b60e9d39b43e0b9.jpg,12
0b8426f6b3d9d4a3.jpg,4
0b848234702391ca.jpg,3
0b9483ad39e27019.jpg,6
0b9c5f11b9c2e742.jpg,9
0c0db67cbd783708.jpg,4
0c201bfd63ecf0a5.jpg,15
0c2de472d06705a4.jpg,0
0c44cd95b0d95b10.jpg,16
0c471a246d7c7777.jpg,16
0c5b6caa96ec9882.jpg,12
0c62c4ec8d5042a7.jpg,6
0c7c3129349c252b.jpg,0
0c86e1a3fe94b2b4.jpg,8
0c8d4f489a7d9b78.jpg,14
0c8fb4bcbb776183.jpg,8
0ca4d10967304b77.jpg,0
0ca5c5bcdd6ccf63.jpg,2
0cbc0730650db913.jpg,12
0cff25caaa6fafa1.jpg,9
0d2833d1992b660a.jpg,3
0d983587d59ea6f9.jpg,9
0d990e7791b3cef6.jpg,9
0da34c2cca958ac1.jpg,8
0dca6453aea515b9.jpg,6
0df3535e77995185.jpg,8
0df41321b2dc9b68.jpg,0
0df499833d8ec828.jpg,12
0e152632a87fcec0.jpg,11
0e181a7b2c470569.jpg,16
0e4784ef454b4db0.jpg,9
0e6ff16ce4b47fe8.jpg,15
0e82d902e8be0e62.jpg,6
0ea1c5cc98714405.jpg,8
0ea4dcbe11fc58d2.jpg,5
0eb46afcaadad03a.jpg,9
0eba2850c75c48d2.jpg,10
0eda817efb4aa013.jpg,13
0edc89f8e4b669a6.jpg,16
0f00c6aad3b537de.jpg,13
0f279185fdc162fc.jpg,9
0f28152f1258ee40.jpg,12
0f3bedf01f25f064.jpg,16
0f7c03d2cdf0979c.jpg,5
0f8f83e4c0643ffd.jpg,2
0f924f5aab23e65c.jpg,8
0fa30d89872cbb63.jpg,0
0fb80e7e918154b7.jpg,16
0fc919fba9dc77b6.jpg,9
0fd75524dfaeef7e.jpg,9
0fe35a690cfc3d47.jpg,16
0feb5fce885f15a4.jpg,16
1024f408d288354b.jpg,12
1027d7b85da774e4.jpg,12
103000fee9095f1a.jpg,11
1035f79046d7a343.jpg,15
104b4ae18d528f85.jpg,9
105a537c0ffcf2af.jpg,9
1063d3cf9de5cc41.jpg,2
106e817be539b3e7.jpg,12
10810eb0c6dddb1c.jpg,11
1081c0c3388d84de.jpg,0
10a0009b0ccbceb9.jpg,9
10b293fb79454626.jpg,0
10b350a87c7fc903.jpg,4
10b951d45cab812b.jpg,0
10c4421ecc4767d5.jpg,16
10d7dffe3a34c770.jpg,9
10f7a181195be840.jpg,12
10fdbe2e30df7d8b.jpg,0
1118b4547007c942.jpg,8
115d7f2ffef55b9f.jpg,13
117795b5057bd15e.jpg,0
117fa2615c4f1357.jpg,3
119e93dac25c2db4.jpg,13
11a1afb65afc47f3.jpg,2
11adc81590a1f617.jpg,6
11b5fec846ed1ff7.jpg,16
11d50d6089328329.jpg,16
11d514ca1791608f.jpg,13
11f8879b754f6ea9.jpg,8
1201a2dd9b5eb586.jpg,9
120ce9e055bcdc5e.jpg,0
12204163a937e519.jpg,10
122cf870061859da.jpg,5
124aa8334826cb3c.jpg,0
1276e19dfa47adc4.jpg,14
128fd89fa359e4e8.jpg,3
129e9b82a833871a.jpg,11
12aa7e3f97fad5c6.jpg,2
12b74d0884c1c88d.jpg,0
12c0ac56836761e0.jpg,7
12d3032c9cac7869.jpg,0
12f39c128bf5f434.jpg,10
12f9326335cb3683.jpg,12
12fbb2ca8a82ed41.jpg,0
12fbf7fdc82328fc.jpg,16
13602c1dd84b0810.jpg,3
1369f0112818d48d.jpg,6
137fa0da832cf39a.jpg,9
1392df37aecbb878.jpg,3
139face231a6a5ca.jpg,0
13a1310b57a45515.jpg,12
13a57c95db160dfb.jpg,6
13a9778867e2b177.jpg,0
13dec63232cbf27c.jpg,10
140ad84d3ef9ed0b.jpg,12
14198852bc1a5fb7.jpg,6
141b73b47ddd1f3b.jpg,9
1421fb31607c5123.jpg,0
1426586d3c63f747.jpg,9
142d45fde6392c14.jpg,13
14601b72560b44ce.jpg,9
147322c3f7861963.jpg,8
1499f9b7193c15fe.jpg,12
14bff117ad4c9bd5.jpg,14
14c95cf667fcb833.jpg,9
14d34cf0135baa6e.jpg,0
14d80c5f3979c24b.jpg,0
14e0947f6412bf0a.jpg,0
14ec8dda255c99ad.jpg,6
153a93981fa2a51b.jpg,11
158af3be0cb5c17c.jpg,12
1593fab57945c546.jpg,6
15a24e3d9d781c17.jpg,0
15ca73556389df7e.jpg,0
15d368bbb994e331.jpg,10
15d6890b32a3491a.jpg,12
15d8e28fa134e037.jpg,4
15e4045d87b5e34c.jpg,15
15efe59b41f3ccc7.jpg,0
163409dfa90b4918.jpg,12
1638d8b30b2a013e.jpg,12
163ff887c52871d6.jpg,4
1659601b11744f1b.jpg,0
168845a16c3ad7b5.jpg,15
16c93473c8c98b30.jpg,13
16cea0e8138ab320.jpg,11
173967d903c6e1fd.jpg,0
1751ffe68fdbd2d4.jpg,12
1768c2f469d6e2c9.jpg,8
17708afd7660980a.jpg,12
1774705a2d24365b.jpg,9
178e58b18cd35045.jpg,0
179a2cd94883d529.jpg,9
17ab20ba9372dfc0.jpg,7
17f6edc3f53dae04.jpg,4
17ff149fb0b4f356.jpg,9
1813ae28b84caea4.jpg,0
183f98c58e2c22f3.jpg,0
185c7b0586965647.jpg,12
1871e6dbf737bdc9.jpg,0
1880c4dc32a4665e.jpg,9
1882a6a85cdd8b30.jpg,6
188c978dd1f6c289.jpg,0
18912bd404188282.jpg,1
189255f6ac4eb66b.jpg,12
189a6a4d2b3014c8.jpg,8
18b3cfa8bc2f7b09.jpg,0
18bd9f5d67c34aa8.jpg,4
18d53793f7842c2a.jpg,15
18dd27022c7141b1.jpg,9
190172ace7746279.jpg,15
190a44f1e33a86cf.jpg,15
1927b4d137261408.jpg,9
192f033e14132062.jpg,4
193bf72eb8776056.jpg,8
19715393750c278b.jpg,12
19989d82a51d3bcd.jpg,15
19cccbfe8daf8ed4.jpg,1
19d98d8ee1d735a7.jpg,9
1a0ba37806171e85.jpg,3
1a38e93773fee9fb.jpg,8
1a4ccaed60d695eb.jpg,11
1a6b433e34bc9a9d.jpg,12
1a6c830fc871d21a.jpg,11
1a85c97dc8b3f6a1.jpg,0
1a8a90676e40da26.jpg,9
1ab901039c1c7950.jpg,0
1ac5d385313e414b.jpg,16
1acade48e30258c8.jpg,12
1acbab3967fe133b.jpg,15
1acc40852f90aa76.jpg,0
1ad9ed5392307687.jpg,9
1b45268518d29b07.jpg,12
1b5039c18de0c674.jpg,6
1b7d7bfb252d66f9.jpg,2
1b808e977d7299f9.jpg,16
1b8e376917bc35ce.jpg,3
1b947bc0edb568b4.jpg,0
1ba7449285ff620b.jpg,7
1bb537e6b94b3f45.jpg,15
1bb6d7110cdfc3e2.jpg,8
1bbf2e0ac36b9f42.jpg,15
1bd30eb70d45631b.jpg,13
1be21d6d633d2fd2.jpg,15
1c43b2800853a234.jpg,11
1c52170a4ee28dbb.jpg,0
1c5bb3ae72e3e504.jpg,2
1c6ae69790e0b81e.jpg,0
1c8bb84432130656.jpg,16
1c998a55d06802fd.jpg,6
1c9a4401ee709336.jpg,9
1cdce942c6dc2a9d.jpg,9
1d06929019c52691.jpg,16
1d2edb4d479d6a5d.jpg,11
1d348ea54f14a477.jpg,16
1d3680ff648085f8.jpg,0
1d50946bd454ac2e.jpg,16
1d51d5f0f1cf9f5d.jpg,9
1d7dde7dc94df6a6.jpg,6
1d80aca90d37a369.jpg,6
1d992d99f9029ba5.jpg,6
1db9948726a4e54c.jpg,6
1dba741efa983591.jpg,6
1dbee405b7797d67.jpg,6
1dcb8e3b09cc48b4.jpg,0
1dfce34ac940049d.jpg,0
1e1bb5109fa84944.jpg,8
1e4e41d0390179b2.jpg,10
1e5d739d49fa4321.jpg,14
1e5d990b03a4f231.jpg,13
1e5e16337b85dbc5.jpg,7
1e70f33017938358.jpg,0
1e7990ef09c250d0.jpg,16
1eb76fad8c66761a.jpg,13
1ebeda860d3a287f.jpg,4
1ec94cb9a2575262.jpg,12
1ec9764d52735fb2.jpg,8
1efca93753690930.jpg,12
1f193033ff3bfa6e.jpg,12
1f40e905a531d54f.jpg,0
1f4911a0ffc360c1.jpg,3
1f515ac075c236f6.jpg,6
1f5f0b704c5daf78.jpg,7
1f6d185789637715.jpg,10
1f79719f611f8200.jpg,12
1fabb54270ed69d4.jpg,12
1fb2c9fb03cebf17.jpg,3
1fbe8682aec6fe42.jpg,3
1fe42fadc6864b4d.jpg,0
1fe94ce180b093b7.jpg,0
200eaf17af79b1f3.jpg,9
201706b4bb7ce8ed.jpg,9
2037caa0bab5a1b3.jpg,15
203c8ca385e06dde.jpg,13
20488aeb2c524b39.jpg,0
20754dcbca2aaaa0.jpg,0
208a846e74340ebd.jpg,9
20a244cbfa552f9a.jpg,12
20be57c076c9136e.jpg,8
20c4d87dd513d951.jpg,3
20d2b2669a88eb37.jpg,12
2116515a1061933a.jpg,16
21226439da551c4a.jpg,6
214a647d9134c161.jpg,0
214fa42e99015c60.jpg,0
2151ee0c994c9423.jpg,7
215900568fcb6f12.jpg,0
2191c4bb2013b976.jpg,13
21b4bb9973d1a078.jpg,0
21f77f7a6a9d8754.jpg,9
220a586c2501bd4a.jpg,0
223f5e290fe98fd0.jpg,13
2272fc2dd41b4394.jpg,9
22c1ba18e0dc3bae.jpg,2
22d1bb69d10ac9d2.jpg,13
22dc0568d4c56907.jpg,12
22f636ff7d0692ce.jpg,8
22f8d8a6aa894258.jpg,0
2309b3bf7fbc766d.jpg,0
2314a77bf114c865.jpg,2
2315e66043df20e9.jpg,10
2356c559dbc775ab.jpg,6
2358244762f08b64.jpg,16
2368e0594474eb68.jpg,0
238ba1e680031526.jpg,13
238e09e04d7b32cb.jpg,8
2392253d19b22e63.jpg,9
2393beca89584d1b.jpg,12
2394b085e2f8056a.jpg,11
23c8dd42cd28c09b.jpg,13
23e9a81fd7666ec8.jpg,9
2409040a1227d283.jpg,8
241a5b2b45b0e16a.jpg,16
243b2b94d769833f.jpg,14
243c2862de89d302.jpg,0
244d359e3e06f107.jpg,2
2458ebca45ff00d1.jpg,0
24662365e4f67d54.jpg,16
24743f05ab3fdad2.jpg,3
247b49ccb394e73e.jpg,7
2490023d9af20f09.jpg,11
24b0b8212e12ed3e.jpg,11
24c56bd787b98ecc.jpg,13
24f8406f0853c351.jpg,9
24fa58d4d4921dcc.jpg,13
25100f6edd324f57.jpg,10
2510495a022ccc95.jpg,0
2519f09dbe275482.jpg,11
2523c2a95443aa2f.jpg,5
2525474beadeadf3.jpg,7
253d3173f646bd3b.jpg,10
254c2b8a4b382c76.jpg,9
257b07793fdb7c90.jpg,7
258e073a7f65a0a6.jpg,14
2599880699093a58.jpg,8
25a8d6600d2de937.jpg,9
26143bfda03ce73e.jpg,7
2631b342138322c9.jpg,8
263cbadd4561b548.jpg,11
26515f03bb0b81f2.jpg,11
266278ebc9732a80.jpg,3
267e2c2ec8182f3e.jpg,8
269c7c87fedc13a6.jpg,16
26ab4b8829cc5a2a.jpg,3
26ad74e35d3d6dfb.jpg,3
26b346df2a13f1d4.jpg,12
26b36adf3d246787.jpg,0
26daccac09d64a1d.jpg,12
26e9f1aad2314b64.jpg,0
2705fef18a6fc02c.jpg,0
2756f25f1938558d.jpg,9
275aec040aac67af.jpg,11
2765541d588e9d97.jpg,15
2788f05973ca8a3c.jpg,12
279c0046ee09258d.jpg,0
27ca5681288973d1.jpg,2
27e57d3590292262.jpg,11
280eb4c18e0b9422.jpg,12
2812bcc200f1412b.jpg,6
2817aa40a3404fa9.jpg,11
282156286a536ea0.jpg,7
2832736591a36cd9.jpg,2
2832d2e3cd2f1de2.jpg,3
285481c6e36c45c1.jpg,4
28681a5c3f618df5.jpg,6
28714bcc1a53360f.jpg,2
2881e0ad82aac9f0.jpg,9
2891229b9d30b4c4.jpg,2
28989943f1b47b20.jpg,9
2904d3025a18b639.jpg,2
291d080cbc815866.jpg,10
2952a320e5cbd4db.jpg,5
2956f79c00f1d8f4.jpg,0
296ac4bb9a572492.jpg,12
29742b9f303284da.jpg,13
29ab86a8a17eae1d.jpg,10
29b1dacefc551213.jpg,8
29b735dce9d025f4.jpg,0
29cbff2d4f3d697a.jpg,16
2a050f0c12b65f65.jpg,6
2a3756a7d1438abf.jpg,9
2a43ed0df4e40da6.jpg,15
2a496895464dbe8e.jpg,11
2a8658f83ebe2328.jpg,0
2a9be2b6b9c9d47f.jpg,0
2ab8833bfea1d55f.jpg,8
2ada26cfdb707dea.jpg,15
2adc963a2a9727a0.jpg,10
2af70bfa910763a3.jpg,12
2afe4988ccd3f730.jpg,6
2b297137d6d37701.jpg,0
2b373f6d6c2bcb07.jpg,10
2b422337f4b4d937.jpg,0
2ba15d167da0458b.jpg,12
2bd1bc42a31397d5.jpg,16
2bdb1a2b76e57115.jpg,13
2bf43d03514feb47.jpg,3
2c03b0813138af83.jpg,6
2c771c8fae1ba961.jpg,9
2c8b14f45b407f78.jpg,12
2c8b45f2981a2119.jpg,9
2c9888b449c53d1c.jpg,16
2ca0a89cc4bd6b4c.jpg,0
2cab10f1deae738e.jpg,0
2cbbb185120ce2e0.jpg,3
2ccd3eca7d2817b7.jpg,0
2d075b49d57a56c7.jpg,12
2d19c404e5f61205.jpg,0
2d2e3fe1fec169d9.jpg,7
2d4612a5829c3a7b.jpg,8
2d6585b040a243d1.jpg,6
2d8895f44940baa7.jpg,9
2da2aad7719bde7b.jpg,13
2da2fc72f3155387.jpg,2
2db1cf2410df3445.jpg,8
2dc695383a0129c9.jpg,6
2dde09efb7f999d7.jpg,15
2e12621278ce1935.jpg,0
2e1d4e9d1aa963eb.jpg,3
2e4152b8a4893715.jpg,15
2e51d14abe1a4fd9.jpg,10
2e75bf13e029c0a9.jpg,16
2e801370669382a0.jpg,11
2e874119ae337439.jpg,8
2e9ca801a8c8d1d6.jpg,13
2eb1f0e9324e6e03.jpg,0
2eff56812f2f078e.jpg,13
2f268cff0d675d95.jpg,11
2f29b53e9676bf18.jpg,3
2f390042292ddaf0.jpg,2
2f4532160cabe0b9.jpg,12
2f531d35736c0386.jpg,9
2f5e8fa28c38b23f.jpg,0
2f6b05381ede0836.jpg,0
2f845332f59e225a.jpg,9
2f8f87040c080372.jpg,8
2f9028f0459b7cf8.jpg,0
2fa130609266f33c.jpg,0
2fa16fe7ed0b6e97.jpg,7
2fd9d5a3916d42d3.jpg,10
2fdedea275ad1ff7.jpg,0
2fdf5f8a6af6aee6.jpg,14
2fe76715340d6607.jpg,11
2fea1eae8a874099.jpg,0
300d1c4ca6595628.jpg,2
300dd34e64d9da12.jpg,12
30244a22417db7cb.jpg,12
3031e41908c9aedd.jpg,15
303240d88b015d02.jpg,11
30453465d86d512d.jpg,3
3052e90cd0d9deaa.jpg,5
306c85f9047ec8d9.jpg,2
30a664ef38905cc1.jpg,13
30ca0601c56012f9.jpg,16
30eba77fb758560e.jpg,13
30ed2ed6b5b58c2a.jpg,15
30f7f943cd13cadc.jpg,5
30fa084ccfce6eef.jpg,2
30fca194bbbf8e09.jpg,8
310baa9589187970.jpg,11
312899f2c122e94e.jpg,2
313f7f0ec1b28505.jpg,12
3157cbb043f66985.jpg,15
315cd62bf5044ed2.jpg,9
316209cfc3ed8d2f.jpg,12
316fa3f17b5d5675.jpg,10
31714e371efb0ada.jpg,9
318390bc227187f5.jpg,9
31cae0b336906cc4.jpg,11
31d353c07abbb39c.jpg,10
31dc25167c071e7f.jpg,0
31e1538e805f11f8.jpg,13
31e4d91f308aad9a.jpg,3
322373ff9187b892.jpg,12
3226133d8f839824.jpg,7
32350302aebce029.jpg,9
3236448acc2c94de.jpg,8
3240aa956fe149a9.jpg,16
324fec55bf36d535.jpg,12
325a23a80557c0f1.jpg,9
32734c4172acc83e.jpg,6
32864b66c1db5043.jpg,12
3288b3bcb32724b4.jpg,7
32b8475aa0122549.jpg,0
32bdb23799758ad2.jpg,2
32c39eef75d596a3.jpg,0
3301f21279dd0302.jpg,9
331c07b33ca74a18.jpg,0
331f896502673b42.jpg,3
33516a0fd6bbed4c.jpg,0
336bf1628c3dcefb.jpg,15
3373014a56fb3675.jpg,11
337bad494e81ae58.jpg,12
33b3c8e82347cbb4.jpg,0
33c667f4a3404d9a.jpg,13
33d46c16b81fae9d.jpg,9
33dc33929cac108e.jpg,12
33fa323637b9f761.jpg,0
340a4e360ac91d35.jpg,0
343ca3d3a7ae4072.jpg,9
3444606b071da357.jpg,2
34555085897bf79a.jpg,0
34634c002d20b79f.jpg,5
347866ba1a932f12.jpg,15
347fa252db2e49dc.jpg,7
34899312d04641fc.jpg,0
349747686e42e189.jpg,12
34a282f9b1d637ab.jpg,0
34b764fa9eff8b54.jpg,2
34beb54a03e1542f.jpg,6
34e3e556cbeb2851.jpg,12
34f829fdc151bb6c.jpg,0
3500b69d93af20f6.jpg,6
35131e3f1dc21609.jpg,2
351a98b0751ba7e9.jpg,5
352bbf4bea28a956.jpg,13
35323a14ead5dd50.jpg,0
353606f1d5773b62.jpg,12
3551ff70a2ee733b.jpg,9
3555e0b5147e713b.jpg,13
3556a36795e097f5.jpg,16
355e7c8aac6fb4aa.jpg,13
356175c28f0dc3da.jpg,5
359e1bbe09dc01b1.jpg,6
359fab2e1b0ab5e1.jpg,0
35b324cdf7cc7545.jpg,7
35c5ff3feb2eb136.jpg,6
35dd73681edc9676.jpg,12
35f6953c2aec900d.jpg,8
362620646694ac92.jpg,16
363be138e3a257e7.jpg,16
365be7920c4f2ea7.jpg,12
3676bb8e313dd68a.jpg,10
3680db692af79a39.jpg,0
36bf8f9173392c5e.jpg,7
36d2071e10cb39dd.jpg,12
36fe5d4564fe558d.jpg,12
370c3e8dcc342b29.jpg,0
3712b51ef57adc2a.jpg,3
3716e8239efd2f4b.jpg,4
3718ddbad5ac13a7.jpg,8
3726abe102190f87.jpg,12
373c12dc3692758d.jpg,3
37516d8801aa3a04.jpg,0
375642f60cee4d07.jpg,11
3759d6b90bf34c95.jpg,7
376515c62a2886bb.jpg,10
37712442fd22f513.jpg,12
3794927be5fc4cc5.jpg,2
37adbf12f411fd8e.jpg,0
37b1af0f0f6e895c.jpg,2
37c82057b470479d.jpg,6
37e3e12b4a719483.jpg,12
37e50579da46d5f0.jpg,0
37eb702b97571981.jpg,16
37fdf49ea16f16e1.jpg,11
3801b930921dc960.jpg,16
3810e4ae0cf975ae.jpg,2
383001361fa84258.jpg,12
384a7dd0ac4b2c5d.jpg,2
385c313795ef38c6.jpg,9
386f6832464a9378.jpg,13
38cc1d79d64ad7c4.jpg,16
38cf2b91bf2f8bb2.jpg,16
38d2bf0ddbb4a9c9.jpg,15
38ea3e4d2ca0ce14.jpg,12
38ec098e55075d2c.jpg,0
38f5e0213eba518d.jpg,9
38ffbaa31ea6382e.jpg,4
390b2f6090184c0e.jpg,2
3916918a2655370d.jpg,11
3933c983cdeacb6a.jpg,0
393da2ebe6a3d39f.jpg,12
39581c23ebf06aec.jpg,16
3971b17ab0a1d5d3.jpg,12
39832365c6edea3e.jpg,12
399f45d242ce269d.jpg,9
39a4376f79341294.jpg,0
39a43deaefe41d9e.jpg,3
39b186178878e522.jpg,7
39c1273d1b789740.jpg,11
39c97e8c3e07a970.jpg,3
39d0ef2f43386f4a.jpg,13
39ede02536a8213e.jpg,10
39f86d2ca4e89421.jpg,0
39ff9fb46b372d63.jpg,9
3a03b5fe24e6b758.jpg,12
3a07aeae5ede06aa.jpg,2
3a144769653b13e6.jpg,3
3a1fb66b5368d70c.jpg,2
3a34b4309c50ecb9.jpg,13
3a3b4dfd12bec59a.jpg,12
3a42ed4399e077c6.jpg,12
3a4a2b89a472ec20.jpg,1
3a89c035950c4fac.jpg,13
3a8e6f310e632112.jpg,16
3a92684c78d0668b.jpg,5
3a94a1c9751985aa.jpg,2
3aaaafd297856a26.jpg,13
3ab46c76cfc86c61.jpg,7
3ada19450d30bf1a.jpg,2
3ade1958dd5f3d5d.jpg,15
3ae10eb8458044c3.jpg,8
3afc8a87c5381ed8.jpg,11
3b03e1b246075800.jpg,13
3b4d9c52b698f7eb.jpg,0
3b9fbbbc821ed2f9.jpg,3
3bb870ca51fd0481.jpg,5
3bc5276de0cac59c.jpg,0
3bdb5db78016c4ac.jpg,2
3bdfde1fba1adf24.jpg,7
3bf095b0b225c9f1.jpg,6
3bfac20add3537c6.jpg,0
3c125f1fe774192a.jpg,12
3c1549906937230b.jpg,14
3c24c8aa316e31b5.jpg,6
3c304b23e893dd7d.jpg,9
3c896b0d109260de.jpg,0
3ca7c70c55578054.jpg,12
3cb0238602d49691.jpg,2
3cbd9e83ff41a46e.jpg,9
3ccf70b7d0e93b16.jpg,0
3ccf804e1b93f38e.jpg,12
3cde492e511e14de.jpg,7
3ce98a5c8cf4d6be.jpg,16
3cea002e06d4a8bb.jpg,2
3cf69d787241e31a.jpg,14
3d000efde969c991.jpg,1
3d0bcc103877eaf6.jpg,5
3d11debe61f7d9a0.jpg,0
3d1536cadc542512.jpg,10
3d2ac4cc4748a1d4.jpg,9
3d2df39d02d96e96.jpg,0
3d32cc4160365b0f.jpg,0
3d3ad4b34993ce5c.jpg,2
3d3c56354c04b464.jpg,5
3d7170eb22a4f1b1.jpg,0
3d80a645dacb1545.jpg,10
3db35b1680cd83a4.jpg,9
3db5c2788766b046.jpg,4
3dc0dce4ff2262e2.jpg,9
3de53e96412dcca1.jpg,5
3dec262bc77f3c8f.jpg,7
3df8499a09d5f86a.jpg,8
3e17b829d0c0d4d7.jpg,0
3e2374d0bf975a40.jpg,12
3e28cfe1538e20ce.jpg,16
3e2a2de47f42c801.jpg,5
3e31b9b14a9080cb.jpg,11
3e6a85845a34925f.jpg,12
3e76f8a3f1defa1c.jpg,0
3e9dccdb9618cf8c.jpg,3
3ea60b9ad677687c.jpg,0
3eaa24f1b5d2d037.jpg,6
3ed6f89260b7300f.jpg,0
3ee282b86637f584.jpg,5
3ef937177fe6a448.jpg,0
3efe84af55458358.jpg,5
3f14af9e1a48e158.jpg,12
3f15af3d75841dda.jpg,8
3f434b2d1539ccf5.jpg,11
3f566e5a17f96465.jpg,11
3f5dc49f7c96dd4e.jpg,9
3f7212598c6dcf4f.jpg,4
3f75c2e3ee148874.jpg,12
3fc064dedeab4ec4.jpg,0
3ff57d8f077098dc.jpg,4
400021f8b3ee85bd.jpg,9
400ff1c724b06457.jpg,0
40134241cef4a7c5.jpg,9
4019c0a0daea7f06.jpg,8
401ac473831c6c75.jpg,2
406c706f6059ddec.jpg,10
4090a08f399153ba.jpg,13
40c70d373d25fc4e.jpg,16
40e39dd0b2d618aa.jpg,0
40f7e24baee44e74.jpg,13
410f7c90f30448c4.jpg,11
41150b7c2661d268.jpg,13
4118d3ed4ad3e6ed.jpg,3
41223772c4e616aa.jpg,10
412c7e83069c02d0.jpg,6
413269bd2a9b8d24.jpg,3
413a714abfef44fd.jpg,16
41774553465d5e41.jpg,0
419eb8925fc0d469.jpg,9
41a1049dd05e76c6.jpg,11
41b405597a1bc54f.jpg,0
41e4fd729ca5a75c.jpg,8
41eb0437c0198e3f.jpg,8
4215ce52d72b08b2.jpg,8
421653dcbe2bf0bf.jpg,12
4216de25cc23e263.jpg,0
422918a64c311137.jpg,12
423a9205ea6b7438.jpg,12
4242db4d267fa5e3.jpg,12
4244217b56cfe495.jpg,13
42603ea79ee46849.jpg,9
428b1a6ec86ecbb1.jpg,3
428e5757ffb0e8c6.jpg,2
429a685e86aae415.jpg,2
42ac91264a5240a2.jpg,3
42b46af5ee9188ec.jpg,9
42bf58ca395566dc.jpg,10
42ca45352f2aee8c.jpg,12
42d2d168fe26852c.jpg,2
42d6b312dc8561d1.jpg,10
42df520ce6d1f986.jpg,7
42ef1c64a9a621da.jpg,9
42f31ca809525317.jpg,12
431dd2eed50370f0.jpg,3
432731b96e7276e6.jpg,9
4334bc0e81313f00.jpg,0
437f40bbe24c2e89.jpg,13
439df686b31f0d96.jpg,12
439f72a572f592ce.jpg,0
43abc99dbea7a37d.jpg,12
43b602fd2f7abc06.jpg,9
43ba07ec57f34e35.jpg,0
43d1f2ef41435663.jpg,13
43d50611e044bf97.jpg,12
43d6b284e9d89077.jpg,6
43ee95840053e72b.jpg,3
43f11f0c5245ccb9.jpg,2
4434d93b3bc3f37c.jpg,15
44a0e6cbec00b115.jpg,15
44bd5056b637cae9.jpg,8
44db33edab62fbab.jpg,3
44defdb2afcae4ef.jpg,12
45225ac05013b589.jpg,0
45644c5f69833c37.jpg,0
45661d44e23bb971.jpg,13
4569ca304e753224.jpg,5
457d4a0ed1647ebb.jpg,11
45b01204890aaa9f.jpg,8
45c285f8ad929ca3.jpg,0
45de254f40624074.jpg,15
45df38749ff140b1.jpg,13
45ebed46196bd020.jpg,16
45fa31f65f2a2944.jpg,0
460514dacc97977a.jpg,6
460c262b1f133ea8.jpg,6
4646912c6e65852c.jpg,12
464aebcdc7a511a3.jpg,16
4672477f4f79c991.jpg,8
46a519da48d337c4.jpg,3
46db6a2450693c8c.jpg,3
4714c0c22405e146.jpg,12
4731c336a26fc2a3.jpg,15
4763356ff7e91f4d.jpg,1
47859aea477544cc.jpg,14
47a28c996b7d5cfb.jpg,9
47a4bf47e8bb268e.jpg,11
47bd087b0ab5e379.jpg,13
47dbf77eaec1588e.jpg,1
483cfcc7999d1a67.jpg,8
487e5089e9312270.jpg,10
4898600be34a5409.jpg,16
48c2ff42a5acdd40.jpg,9
48c78b46fc51667f.jpg,15
48f4d2738d67f441.jpg,15
48f68fe8ddb4e653.jpg,7
48ff40c462016751.jpg,12
493fbf4007a085bd.jpg,11
4941fc8a3ad4d170.jpg,0
4946ba20df6387c3.jpg,0
495e61f3b6811fed.jpg,6
4975946718f4341d.jpg,12
497d01331082d1ce.jpg,2
49982948c43a8b1e.jpg,8
499f97ce062b8401.jpg,11
49a175ac286f0d1d.jpg,16
49a83b8378418462.jpg,16
49d4e98e84de90bc.jpg,6
49dd1508dcbd845f.jpg,3
49f61af18785ab63.jpg,9
49f623a7a8bade8a.jpg,7
49fffebb6cdd3e04.jpg,11
4a05fd8e52020030.jpg,9
4a3725a6d1fd301a.jpg,13
4a5c0fdccb780a93.jpg,2
4a75263a5c0aae97.jpg,0
4a78c5718d0a20a6.jpg,10
4a8b25f0c83e9553.jpg,10
4a91771573a6db60.jpg,15
4a95e985c76bdec9.jpg,1
4ab19076c61c7785.jpg,8
4ac497ec9f77c4f1.jpg,11
4ad38e5dfd6e62c3.jpg,16
4af7e06e863b4b6d.jpg,11
4b045267f0b0c294.jpg,9
4b192ceb883d2e03.jpg,8
4b3c0cc0b4bfce02.jpg,4
4b54a13e083dc3ad.jpg,6
4b6c7bb68f3662f3.jpg,0
4b8918a0e504f3bc.jpg,0
4b8ad56dea905d59.jpg,9
4bcd83990fac17ac.jpg,12
4be5faa572b517d9.jpg,12
4bf62cd7cf0241aa.jpg,4
4c10a373b86541e8.jpg,2
4c4c5c84144a71a5.jpg,15
4c52481a31c987d0.jpg,12
4c527ee1ca7e7f78.jpg,11
4c5c08dac0867fc0.jpg,3
4c60e814e1c0ef6d.jpg,12
4c6a042c20a41031.jpg,13
4c7a2c87c730c0ed.jpg,13
4c87599326d95513.jpg,16
4cbc26acfcdf9d70.jpg,16
4cbf05f14d18acf5.jpg,9
4cc9bb830ad3f0ba.jpg,8
4ccb3b9e10aff46e.jpg,1
4d174e1756517d74.jpg,11
4d24590bdfe964a3.jpg,9
4d44a64893f6244d.jpg,12
4d4a6bebb33753b1.jpg,6
4d4c9c3412d9640a.jpg,15
4d5a1d084aab67c7.jpg,10
4d66f6c45b684044.jpg,8
4d737b9cbca9c0da.jpg,9
4d849dd0fb93f5eb.jpg,16
4d911ab3cc428113.jpg,6
4d92319d672c1b09.jpg,6
4da0cc4c06b46e9b.jpg,14
4dd63245e72eebb4.jpg,6
4df27aba5463f1f1.jpg,11
4e08e95965408272.jpg,16
4e1aef21f04e0667.jpg,0
4e25524ea7ca74b8.jpg,12
4e3f581fb63a87c9.jpg,12
4e462fe22a88b7c9.jpg,14
4e55c551b7b12ada.jpg,11
4e8fed562874c87e.jpg,6
4ea32ed3b64f8f08.jpg,12
4ea747633364c862.jpg,7
4f0a409455283a0d.jpg,9
4f103cf21e625944.jpg,0
4f104d17252a22e0.jpg,5
4f32454e14191150.jpg,11
4f48d6bc2d3af344.jpg,7
4f6948c4a4a2a99b.jpg,0
4f6f43781049cca1.jpg,0
4f8f8fa12f2dc565.jpg,3
4f96210f03a0dcec.jpg,0
4f9a29166bd50a68.jpg,2
4fd1a323774b74fb.jpg,2
4fd92755b3219628.jpg,3
4fe11ac080fe96a8.jpg,7
4fe3e355229869c5.jpg,15
4ff12c294cf96e18.jpg,9
4ffec7780495c9b5.jpg,4
500a7f7082201785.jpg,10
5010da133298a43e.jpg,8
5012a0f3974a8eef.jpg,9
501a67c0c3389a64.jpg,9
504db24370d444e1.jpg,15
50516a19a66ac90d.jpg,1
50825263da9eac47.jpg,12
509d0d18ae93fea2.jpg,11
50b0970242f195cf.jpg,2
50f90945c7f2bb88.jpg,0
50fadca3c7e78c9a.jpg,7
5112f3e59216597d.jpg,16
5135cb9b3f421377.jpg,11
517c7d133161b904.jpg,15
517f4fd10ed97026.jpg,6
51821ecfcdf37903.jpg,1
5194650d110dd515.jpg,2
51a38c84b06ce5b4.jpg,16
51f114f8691405f5.jpg,2
51fb72555ffea2e7.jpg,0
51fbb26acbb2938f.jpg,0
521af01efa605d08.jpg,6
52229507f1bd08af.jpg,8
522b85761d505803.jpg,3
524978c909c96a3d.jpg,0
526639738ed74d25.jpg,16
5288c28125ea4f89.jpg,5
528955098522d34b.jpg,0
529f09adc05ce037.jpg,0
52ae5aa33b702d3f.jpg,0
52bac8d596006d60.jpg,9
52cab6e3e56b7f96.jpg,5
52d0f39bd7119c83.jpg,15
52f8b45f084a0482.jpg,16
53042ceadbc7b718.jpg,10
5305efa0ba1cbdab.jpg,13
530ebf83c6a4c12b.jpg,16
531e2cefadc3de08.jpg,11
53321f5c92d6d29c.jpg,12
5369c7e6f41f6ad9.jpg,13
537007d712fc6931.jpg,10
5388575d3ad04aac.jpg,9
539579ee7d9cc64b.jpg,4
539c33656e66616d.jpg,6
53a57c4c5c00eae4.jpg,12
53a713a92c73bab7.jpg,0
53affe4271d7e00c.jpg,9
53daa32509c40227.jpg,0
53f17b244af73110.jpg,6
5444f69cac580840.jpg,1
546d9b8454b3afa9.jpg,2
547ae79dcb369709.jpg,8
54901d809ad48792.jpg,6
54d7f8b427cee486.jpg,12
54dc79dd80926763.jpg,13
54e44d55a4e35d22.jpg,9
5515e549f145f34d.jpg,15
5557778fd93e1656.jpg,0
5565e4d946df02d5.jpg,11
5572b39c5bcb124d.jpg,10
5582699673ff4648.jpg,2
55860ab1eb873bd1.jpg,9
5599dfebab245c2e.jpg,9
55c283b7feb984cb.jpg,2
55caa39c494d47b2.jpg,7
55df7a83d2f0c0d0.jpg,8
55e2881a9b050627.jpg,2
55f206bd126d55e9.jpg,9
560ce92e32f6c0d3.jpg,7
560ebc5224b29446.jpg,5
5616a1dec7f23a4b.jpg,12
5620a71fffa45e4c.jpg,6
563141e258b22389.jpg,12
56446a21109c601c.jpg,16
564a65d6644baa6b.jpg,12
567bfd09aa3ea1ab.jpg,4
567cbf5fe1497ee1.jpg,6
56838fe76b257b04.jpg,3
569c05e106527837.jpg,9
56a8a6edde03bb05.jpg,3
56d2a0c04842dff1.jpg,6
5739e75a866fa160.jpg,10
576155b32cc0282c.jpg,12
578befdd469ed3d1.jpg,0
57bddd8e7b5bca33.jpg,12
57cfbdd014519564.jpg,7
58000fa626a1ae24.jpg,12
581f76fe0342ce04.jpg,11
582bb9e3b33de92d.jpg,9
5832daf60149f18f.jpg,8
583e7e23259f3740.jpg,0
5850ce0640a1c4ac.jpg,6
58556dcbe931b16c.jpg,5
58b55778ec013758.jpg,6
58d812d0eb628ed1.jpg,1
58ef7b0d654453c9.jpg,0
58fc46eaa5b31609.jpg,12
58fd8a24d2cd1edc.jpg,0
5900db047f0c58ae.jpg,0
5920514c97491a25.jpg,12
592217c791575859.jpg,2
597c4a6ff5404245.jpg,14
599ce68d421d2d27.jpg,6
59cdfab429ab9027.jpg,15
59e1f237524524f2.jpg,0
59e92034eeb234c0.jpg,6
59f013b3c1826b2c.jpg,0
5a03dbce675436b4.jpg,0
5a122a9645afad64.jpg,16
5a1e8faafd3d3cb8.jpg,5
5a360ae52ee00333.jpg,0
5a37bac6136dfdc1.jpg,3
5a439573ccd70a96.jpg,0
5a57f4dae11f18d5.jpg,5
5a59fa9affa5b557.jpg,3
5a6c26de38d9e0d9.jpg,6
5a76f7af73c0e52f.jpg,3
5a79e12b2b95d779.jpg,3
5a93a431f10b3a6b.jpg,4
5a97ab8597f84217.jpg,7
5a9cc6bedf50e892.jpg,0
5ac98c8114a63993.jpg,12
5adce77697f81a5a.jpg,12
5af1bf094eb625d7.jpg,0
5b0c0887f7474ece.jpg,0
5b17599469ddb474.jpg,8
5b246f19de8789e7.jpg,9
5b2a5bb72757bc51.jpg,10
5b3de8b7f7feb640.jpg,9
5b74d0a42fafe19e.jpg,6
5b84ffb40f4da9ed.jpg,7
5b8b85d22f70283e.jpg,5
5b9c07960c9f18f5.jpg,12
5bc57918e1572f5f.jpg,6
5bd2fd216dac1bb9.jpg,6
5bf3bf0783625a9d.jpg,12
5c1ec0777e588b6d.jpg,6
5c436653fa7cf478.jpg,15
5c522037b1810c64.jpg,6
5c596aa8e8b554a7.jpg,8
5c5b6fc18c096320.jpg,0
5c9a4e55ee989779.jpg,9
5c9f6fe1ad82bd39.jpg,2
5cb6ad5dd99b5bf4.jpg,16
5cbae10feb727777.jpg,1
5cc21d0d04e858a1.jpg,7
5ccaee856bc1340f.jpg,2
5cf3202f30e13a2b.jpg,0
5d239cdc8327519c.jpg,6
5d4b0c814c8b98d6.jpg,3
5d74ba714b065e3a.jpg,15
5d778edcf3564010.jpg,3
5d8f2fb45931a2a1.jpg,12
5db65c6d1adfdf71.jpg,10
5df7a16a4f33632a.jpg,11
5e02ca32c86149ef.jpg,2
5e17d72acc0b2106.jpg,10
5e23217506762adf.jpg,0
5e2a93249d5aa6ba.jpg,11
5e3414ed3ecca12e.jpg,15
5e431e335821792a.jpg,2
5e44c40814124bf4.jpg,12
5e52ba936ab24176.jpg,0
5e62f59e211df20b.jpg,0
5e63a25a8968f342.jpg,0
5e6aae53c29e8d00.jpg,2
5e8ac64ae715cf93.jpg,11
5ea3b49508792d5a.jpg,12
5eba163f304ef235.jpg,9
5ed34487f56a8adf.jpg,16
5edd17ca44bb7436.jpg,2
5f026f4384ae2c98.jpg,5
5f08dbe858d5faab.jpg,7
5f0e93a989259358.jpg,16
5f16692b05407cfb.jpg,6
5f2ea6fb8d52e684.jpg,3
5f3aa125a30e592d.jpg,10
5f9111750ae7275b.jpg,8
5fabd01eab041430.jpg,2
5fc2b023b04011dd.jpg,12
5fc406323450d2b5.jpg,11
5fcc79afdd036b43.jpg,2
5fd8ab4f9f1ef66f.jpg,0
5ffe2642f8e08a54.jpg,10
601f399683364974.jpg,2
602cf5e4c858c1df.jpg,0
60485cee87565199.jpg,7
6073cabd123d455e.jpg,8
6089f90486c799ce.jpg,0
60db92638bccb3d3.jpg,0
60e2fa869c4030a9.jpg,12
60ee7fa89eb0e7c4.jpg,13
611e54a4517a1e6b.jpg,12
612abd701cfe6989.jpg,0
612de73a8b066743.jpg,12
6133329c9e006469.jpg,6
613833fd595ac750.jpg,6
613ee74ac4a149c1.jpg,8
615ad5ca9882f48a.jpg,2
617c352b7b10cd15.jpg,0
6182788d40c31a7b.jpg,8
6183895e9bd41629.jpg,0
61863ae3ff154ede.jpg,6
61a1eca1d22221c7.jpg,13
620f0e50c1ac99e4.jpg,9
620f2935b7fc5147.jpg,0
6213ffe29d8b0940.jpg,0
625d68e4c9ef1738.jpg,5
62614cdc8c1b98a3.jpg,9
6280bf24ef66232f.jpg,8
629a6e2ffc8e71ef.jpg,0
629f1136855daad8.jpg,9
62af8efc5027164d.jpg,12
62cd1174ab6e494b.jpg,1
62d6bf7050ba702a.jpg,12
62d895757bac922d.jpg,16
62ddf95f2515b686.jpg,15
62e8ca62b868906f.jpg,1
62fb2467c5792ea2.jpg,9
63067a73cd1581f7.jpg,0
631d1aa37db012fc.jpg,9
6322a0957a038794.jpg,9
632bbb4935507c24.jpg,4
634c2b00378815d7.jpg,0
635a1bb64e19a16e.jpg,9
63b2d20ee974ce7d.jpg,10
63c78e517f42a563.jpg,8
63cbe0b4d78616da.jpg,6
63eca827b6229baa.jpg,11
641e8d2d178f8733.jpg,0
644bb025ed23db4a.jpg,11
6455b1fd39746bb0.jpg,2
64590a69f5eb8ff5.jpg,9
645d488046fb0953.jpg,7
6461f5e82b01c29e.jpg,9
648c0debe25f10a9.jpg,1
64ac69b046ac67c6.jpg,8
64bd765a240ba82e.jpg,11
64c1e2109b117d95.jpg,10
64c7fcbae9897105.jpg,2
64ca901b63cc425d.jpg,9
64cf1193122e8d51.jpg,10
64e1c9042176d4bd.jpg,6
64f992b162a3dbf5.jpg,11
64ffbc5950c81614.jpg,12
6508b86ba75b39cd.jpg,12
65180892dd3070f9.jpg,9
651c220d4eb904f1.jpg,1
65295b4fc1acbd32.jpg,10
655161bb8b319e2d.jpg,11
655eaf5282b82eba.jpg,2
65aad3157b784886.jpg,15
65ab2007cdcfef31.jpg,2
65b1e413c44e7b26.jpg,12
65b987b1bc440909.jpg,5
65bb4fea5fa985c8.jpg,15
65bc63a3c3364587.jpg,2
65dcc07cfe2bd123.jpg,14
65dd4db4133a9323.jpg,9
65e7d543ae75d2a9.jpg,0
65f0393329a85813.jpg,1
6605f9bf0ab55151.jpg,13
661d46e1cb848d27.jpg,9
662930b91d762a26.jpg,3
664616e2bf09a3fa.jpg,12
665159fd14ad68e7.jpg,16
665e0d926f1742dd.jpg,12
66ae652d1be2e614.jpg,8
66d9d2f37b7f6313.jpg,7
66dc37b18a93dd95.jpg,8
66ea58dac2397a77.jpg,5
66eac6077bf14499.jpg,16
66f2ffcce1a8e2ad.jpg,3
66f3371c542189f9.jpg,0
66f94734f04eb446.jpg,8
6701e7dddeb8a394.jpg,11
670e484e9f4d4000.jpg,8
6716939403d5d537.jpg,0
671c017c113ed2e9.jpg,7
6749dd9bf2164603.jpg,6
675ec11802dc1026.jpg,11
6761a2cd31647967.jpg,2
677c7cf686af530d.jpg,4
67807fe1f671eabb.jpg,11
678489309101aeb5.jpg,11
678761a8bab82e3a.jpg,5
67896c900b83ffb3.jpg,7
679397560393895d.jpg,6
67d76c2a670fb2ff.jpg,12
67e53371d1aab020.jpg,10
6815a901268aec4a.jpg,0
683e9079dceb7597.jpg,14
687f6706ccb05bb1.jpg,3
6882802902a4b0b0.jpg,0
6902bd90f7925b17.jpg,9
6907ef73063af3bf.jpg,12
690a1455cbef3ac7.jpg,6
692f5fbc5af19381.jpg,10
693cd289b8190b01.jpg,13
69485f61805cb479.jpg,6
694eb9097cbfa500.jpg,11
695137b28127f5f9.jpg,0
69568bbf93792ef5.jpg,12
6958c82413f93f2a.jpg,6
6963bcf944fed731.jpg,2
696d128d2b17b1ff.jpg,11
69a2ad28986dec6f.jpg,0
69c0fc3f4d15ae28.jpg,9
69d1607a8cfcfdc7.jpg,12
69d4c2ac00b5546d.jpg,0
6a2178492ae3f448.jpg,15
6a21a6b8d822a49c.jpg,0
6a278806d9edb550.jpg,12
6a3f256a05b43f58.jpg,6
6a507c93cc6d1b9c.jpg,10
6a5ad8fb8d0862e5.jpg,12
6a60ec4ee148197a.jpg,13
6a67d7651d3acf7c.jpg,3
6a91bf5b468acf65.jpg,15
6aa1e9befa8af3f8.jpg,9
6ab081d4f725e0c1.jpg,12
6ac06f58ad30eebf.jpg,13
6ac21540e4f698a9.jpg,0
6ae1b41324978396.jpg,6
6af2e2f88ffb0827.jpg,0
6afc9c48f64f557a.jpg,16
6afce184f83e7c53.jpg,0
6b278b64c9987584.jpg,8
6b61738e3fddd474.jpg,12
6b64b79da9ca53cf.jpg,9
6b7cdc2ae2af22c6.jpg,9
6b8d607e51d466e7.jpg,9
6b931d022eea7a83.jpg,13
6b97609e92f28085.jpg,0
6bbcdc844bef7ca1.jpg,11
6bc1ea9f1bb5a5a9.jpg,6
6bebfef8aeb7eefb.jpg,15
6bf48c4cc2abc68a.jpg,2
6c029f9f6e4a5fd5.jpg,15
6c16ee07680d3ec1.jpg,16
6c1799f040569123.jpg,0
6c3ae76a8e16d37e.jpg,12
6c554d7ef12f1848.jpg,0
6c594994c0abd99e.jpg,15
6c6bdfa695f42769.jpg,16
6c8146c92c8fd1d0.jpg,0
6c8ea1ad3eaa9fb0.jpg,11
6cba85f674c6c313.jpg,5
6cd708c657cee720.jpg,7
6cdfbe5a3d5598fe.jpg,0
6d00b319b619bdeb.jpg,13
6d01ec94ac4d6321.jpg,11
6d080120cf027e41.jpg,9
6d1bd13a90451337.jpg,12
6d31a57776ef3b85.jpg,12
6d4d2d28e4ad8efb.jpg,5
6d64ca9d260d0e88.jpg,16
6d6b20bac9795553.jpg,2
6da76ee77938154c.jpg,13
6dbf53b800d13d79.jpg,11
6ddaac48bc82e391.jpg,13
6df2968d5e8cbe52.jpg,8
6df82d49aa5e4ad6.jpg,12
6e043cad995d77a5.jpg,0
6e099ec74b264327.jpg,9
6e0c1bd07dc70667.jpg,16
6e166c408113c4fa.jpg,9
6e1a1f448fd6069d.jpg,12
6e2240b3771c38fd.jpg,5
6e3255beff4db5e0.jpg,0
6e57d0320c496875.jpg,6
6e868f555d1270ea.jpg,8
6e87683611244cc9.jpg,14
6ea858ff1f7c64cc.jpg,13
6eb06214ff4ff773.jpg,0
6eda77a3cf6d99c9.jpg,7
6ef9144eeb0d2b9c.jpg,0
6f4d8b6a3d7e0530.jpg,12
6f6e825853bbccad.jpg,3
6f731c3632b24e32.jpg,7
6f7bf8fe2ab25c76.jpg,12
6f899f669b30025a.jpg,6
6fb00eb1065318ee.jpg,8
6fb22ebb93ebc4c7.jpg,13
6fffd2c187a19ea0.jpg,8
7006f73f954741e4.jpg,15
70216fd8dfbff589.jpg,12
702feb30451f4397.jpg,2
703c024ce39b3058.jpg,12
703f0af0c3728d05.jpg,13
704334c0d59cc0c5.jpg,16
704a0941d5ab7480.jpg,13
705f26547d6910cf.jpg,12
7078a48c5fd337d7.jpg,13
708be8eccb7020bc.jpg,5
709831c64261d2d2.jpg,0
70c23d215dfd6278.jpg,9
70e2020569579170.jpg,11
70e2937c22e4c688.jpg,15
70e30ffd06fdc618.jpg,0
70ee60fe819b7b39.jpg,0
70ef31ca6cc32d74.jpg,8
70f2d52f0cd45052.jpg,12
714c8eb65eb87600.jpg,16
7159569f2db8b406.jpg,13
716223c4a1022678.jpg,0
717c6b7e61bc15da.jpg,0
71ae4ddad682410c.jpg,13
71cf1a6fc7a7db74.jpg,15
71e9bab19b390296.jpg,12
7217f45b5221fb82.jpg,12
7217fe341e33a886.jpg,0
72200a069c91ebe3.jpg,8
724ac51e72302f03.jpg,0
725a6d2df73c9fad.jpg,7
725a7a6c550b6b4d.jpg,2
7269f4f377c981bc.jpg,13
726c12fa80b29c10.jpg,5
7279d88e4f7b5285.jpg,5
727bd344df12a6f9.jpg,12
728c4fde2111b905.jpg,2
72b6c641287bef62.jpg,12
72e0c6ab4fff533f.jpg,2
73032c8b3c97c51d.jpg,8
731488a64ffc8e17.jpg,8
7325b402367cd20c.jpg,4
733705950a0bb390.jpg,6
7339e4db156bb8c0.jpg,0
736d62f821f46def.jpg,0
7377c5ee3036ce25.jpg,0
73a10f3698c3a8ab.jpg,1
73ae26dba667beaa.jpg,8
73baa2456a01c95e.jpg,13
73d4659e125ce2ef.jpg,13
7404c6d037cef4ad.jpg,12
741228db7fd25222.jpg,9
7413bb8d1667d6b7.jpg,13
744124c60df88f4f.jpg,0
744d20849b7fb5fa.jpg,0
74657459a490156e.jpg,16
74732de0173c8aa6.jpg,0
748d2982f6ebb7a0.jpg,14
74998ba9b3125ed5.jpg,0
74a72a8447dd2dd5.jpg,9
74bc9fd22f411545.jpg,6
74d688c1a1fbac72.jpg,10
74d90dac0cc8b917.jpg,3
74ee88eaaf79a86f.jpg,9
74fe64a3a1e6563a.jpg,9
751a7d9bda21a7f9.jpg,2
754038dbd3bc2a74.jpg,2
75631dc4f0010065.jpg,15
7566046dc5441df5.jpg,6
758f376f9f09e011.jpg,10
759255c4afb707d9.jpg,7
75b66fb0a7d6cba8.jpg,9
75b7f4d50a815c0b.jpg,2
75d38a00f38eb6c7.jpg,5
75d9f0664dee9a7f.jpg,12
75e7f987b20610e4.jpg,12
76200894af149b79.jpg,11
76210a9441a658d3.jpg,13
76411d2623694db0.jpg,11
7646cdcb55032602.jpg,9
765eed8286efc1dd.jpg,8
768cb7fe88e61481.jpg,11
769027806a361cf2.jpg,12
769281805bcfd7f3.jpg,13
76dc373d7c6b94c7.jpg,1
76fe33eb6844de66.jpg,16
77115bb2a06525a1.jpg,13
77185721f5a49b01.jpg,15
772ae9ac5b53effd.jpg,2
77310abf7b4fffc8.jpg,16
7741a64c9c9e7a71.jpg,0
7744e4bdb10ed8b8.jpg,9
7756c78d2ed9af18.jpg,3
775c48fa464d5763.jpg,11
779e4b4b8f31aaf9.jpg,8
77a1ccb7d5125c15.jpg,9
77a4c6a3dd6612fc.jpg,9
77d364829d7d94b4.jpg,12
77e908968cddf38a.jpg,14
77ffdcf43f1baa23.jpg,12
78124e7bb5666488.jpg,2
781f87e2ec698df4.jpg,12
786d626c8b2687af.jpg,3
788c31287e3f34f5.jpg,16
788db77e0729a8b3.jpg,14
78b0467fcfec895f.jpg,9
78d964e0073fba3a.jpg,11
78daf8c190749b64.jpg,9
78eb9ca87d11db83.jpg,16
7923803fdb32b0ca.jpg,12
793c4b0b0b6b1d89.jpg,2
79422cf0142a14a8.jpg,0
796602c2c742d794.jpg,11
797584fc9d94afef.jpg,8
79c190a1914b606e.jpg,5
79df1933cabdd2c3.jpg,12
7a61055594f9f2c0.jpg,5
7aa4332642d9a1bd.jpg,13
7abf7e09378f133a.jpg,0
7ae8e7479e324028.jpg,8
7af1b33f75ea9ad0.jpg,9
7af4837fb8792da7.jpg,0
7afebcadc4086cc8.jpg,0
7b05883d4cc3accb.jpg,4
7b3609ae5923bb9e.jpg,0
7b4b1f61a0dc9ed9.jpg,15
7b5ad602c826fb94.jpg,11
7ba07f21ede900b6.jpg,10
7ba3cf124eede028.jpg,0
7bd15aabf3b4a410.jpg,14
7be3da31bafcddd2.jpg,9
7c215170b3775516.jpg,3
7c25980d63f95c3c.jpg,0
7c282855927f4652.jpg,12
7c3345b185b29f53.jpg,9
7c3849f8f5ffdcf5.jpg,10
7c38730b2ee80c4d.jpg,13
7c48a7db3ef65821.jpg,2
7c5cd30e300c16a7.jpg,0
7c77b03e6a0e29cb.jpg,0
7c971bd3c23a45f1.jpg,9
7ca1b5ba687e50c5.jpg,13
7cba686bd319fbf5.jpg,13
7cbe022195bf37e6.jpg,2
7cce88697a223026.jpg,0
7ce8dab4e0374177.jpg,9
7cea28e50e1a7bc3.jpg,16
7cf036cad48fb896.jpg,9
7cf280d96373b3b4.jpg,10
7d01ff212b278a38.jpg,9
7d0ef891a1aa99f8.jpg,9
7d0fc8a8999dac6d.jpg,6
7d159a232504929b.jpg,15
7d188f17fb9b3417.jpg,0
7d1fa86ed9672752.jpg,12
7d457b7b4ca7a9d2.jpg,15
7d74c3637e234ac8.jpg,6
7d7c3624c6bf861a.jpg,12
7d7f46b7094b7bdd.jpg,10
7d959b519f00e92d.jpg,11
7dc98b0e98b5c47f.jpg,16
7ddfbccfb33c3042.jpg,11
7df496fce534dbd2.jpg,9
7e048f798973cad9.jpg,2
7e0ee3da381e3d81.jpg,12
7e2438188ddfcc39.jpg,13
7e25da6152325b9d.jpg,9
7e279ca401a06c48.jpg,8
7e4b8e3d50463139.jpg,9
7e4f0e8d2c9f2b39.jpg,0
7e5efe6c297ac8d3.jpg,4
7e602f91f6d3abf3.jpg,12
7e667422eee48c4f.jpg,11
7e9970f83188a0aa.jpg,6
7eac90025d8ca6c8.jpg,13
7ed706b3b1987707.jpg,16
7edcf15774e8cfee.jpg,0
7efb3c6758319ea7.jpg,9
7efd89cd2bb25791.jpg,0
7f170410e9415989.jpg,0
7f3311659138e1c1.jpg,3
7f59022744f62439.jpg,12
7f5feb9e5bbd5a25.jpg,2
7f740c90c32754cf.jpg,13
7f785fd6767fabaf.jpg,4
7f971636d96ea5b2.jpg,7
7fa8ce8f676e3ac8.jpg,2
7fd1ede235c7dc67.jpg,16
7fe3ea2c3a8a1288.jpg,9
8018b3d0c448cbef.jpg,12
803ccf2093eb2e7d.jpg,1
807be10ddb1f270d.jpg,0
80a7f8d21dea4499.jpg,0
80aa76a0f54597d9.jpg,6
80b2d9f2538a3ec1.jpg,13
80bfe4d102935090.jpg,0
80c4f99aff94f271.jpg,12
80c584882734e3df.jpg,13
80d0d1d8b5ac175f.jpg,16
80d714baa11e335f.jpg,15
80d9850f9a306ba2.jpg,12
80da0ba74439ad01.jpg,12
80ec11b7b63316c0.jpg,13
80efcc05aae649d1.jpg,12
80fdf8d58618c246.jpg,8
81072e2e238989ea.jpg,0
81200333a906487d.jpg,12
8140b5454bee9daf.jpg,15
817a1bf76cd8d4d1.jpg,13
8191df264ba631ef.jpg,12
819b42301ddfad7d.jpg,0
819ca99efed481c6.jpg,12
81a60abd47a24fe9.jpg,9
81dfc09159a18109.jpg,6
81eaabc4ace9d9df.jpg,12
81eaeb616da006c2.jpg,10
8246eb5da11bf458.jpg,0
824ae1b1e415cfc1.jpg,9
826994169f19b062.jpg,0
8269d9271ff6bbf8.jpg,15
8273cdbce2722cb8.jpg,0
8274f3c7e49630fd.jpg,8
8287c3239131e199.jpg,3
828c581b6cf769a6.jpg,5
829a6c494ea4881a.jpg,8
82d5fa21820c0957.jpg,0
82fcb31799e393fd.jpg,3
8307bc8b147a973c.jpg,10
831191810b26dcf8.jpg,0
831e6f930154f52a.jpg,7
8321bb6e7a7cc103.jpg,0
8342a0fe3db5cbfc.jpg,13
834941b9e8b3f455.jpg,12
835286fa88bde21b.jpg,13
835cbdd0df4a8303.jpg,0
835e2e56287c1c3d.jpg,0
8360c69f244be9a7.jpg,0
83721cb04c9dfada.jpg,11
8378a88edd195dea.jpg,8
837cac0f7f876fc9.jpg,15
8390dc1d73fd3a6c.jpg,7
83e550ea92df1eb7.jpg,0
83ea51844e125729.jpg,9
83f9ccf8714e3478.jpg,3
8412f8a036a5d120.jpg,7
842419e9db6c6e2a.jpg,0
844322d1743781ec.jpg,15
845d51149dd90a37.jpg,7
8472b9455bde4ca7.jpg,8
8476ea4074613508.jpg,0
84839ac608258e5b.jpg,13
848b46e7eadcda59.jpg,9
849e6b9be3de6e6b.jpg,0
84be4e9f8d70743a.jpg,12
84d5a6e98ab1d2a9.jpg,2
84d8059c6e8b46c0.jpg,12
84d9703d7dcf3795.jpg,8
84e4e352b1ecc95a.jpg,13
84efae2394c51e73.jpg,12
84f8bf08fbf71034.jpg,4
84fdac33362623aa.jpg,13
851c00104fc3975b.jpg,13
8523f1e6cd361722.jpg,0
853555effe0e828e.jpg,12
8538d5326f92f9fb.jpg,12
855386eef898a88d.jpg,11
858c0cf7542061cf.jpg,0
8590009f2bf25f26.jpg,0
85e31927fc3d77d2.jpg,0
85e6ebf39174feb6.jpg,0
85f897c0d93188ed.jpg,0
8602c87ba7fe20a6.jpg,12
866bcde858c575a8.jpg,7
8689d49a686f5a4e.jpg,9
869120701283e218.jpg,3
869ba926961826c5.jpg,2
86b7545dcd7ff9be.jpg,13
86c272ec7065c945.jpg,5
86cd9106fc84c37f.jpg,3
86e35ba57b0e8d14.jpg,0
86f3e8db908e8232.jpg,6
8701e94ce30b3b69.jpg,8
870cf5be0f5c5e8a.jpg,12
871293af5c9b7c6a.jpg,0
8735bfcb538edebe.jpg,12
8745c7a4eb17739b.jpg,16
877034a9d618e17e.jpg,11
87e09475ee6fe136.jpg,8
87e1fe72fc840fae.jpg,7
87ee323e013aec1c.jpg,13
87f27ac9053ee8ee.jpg,12
87fd62b41d9de806.jpg,11
8831de3187848f80.jpg,13
886e69e884df8a1e.jpg,11
88a55a12bfbbd76f.jpg,9
88acd902e38b03d8.jpg,9
88da126138cfc63d.jpg,16
88eba636ddc5039a.jpg,0
88f7d826f7a0c46c.jpg,15
88faaa8fa81afc55.jpg,12
89097a73a54647c3.jpg,13
8919df79de84c4ca.jpg,6
891fa67acdf3fe36.jpg,16
8930ddee268ef2f8.jpg,2
89754891eeed756d.jpg,13
8979f2734e1e5f33.jpg,7
89808236ae74a9ae.jpg,11
8998b8b97ddd0e98.jpg,13
89b1d9fcf75f0b25.jpg,12
89c63c0ed88a3994.jpg,0
89f45b04fd0c3761.jpg,15
8a0e562191b3897d.jpg,0
8a1efa36d38cae8c.jpg,6
8a1f1ba85cfa9b25.jpg,10
8a566adec005a53c.jpg,13
8a57f88d3ba5009f.jpg,9
8a6e780303a88d00.jpg,0
8a861bfa8da8982b.jpg,2
8a88b1aaa38de1ed.jpg,0
8aac3799565a618e.jpg,13
8ab4514ad31bdaf8.jpg,9
8ab8748d2c2c8f0e.jpg,12
8abd2f75727100bf.jpg,0
8abd40e4b295d37a.jpg,8
8afb9419648aeb46.jpg,0
8afff649a10f8414.jpg,4
8b12f607bde6b57a.jpg,0
8b1d81c8c5ce0bad.jpg,12
8b3fb62a02130413.jpg,12
8b4531023932bc3c.jpg,11
8b4c6c4573bfbd7e.jpg,2
8b8398aefc903ff9.jpg,3
8b9b9b4c6081ec2d.jpg,12
8ba16566c726fba5.jpg,0
8bac0d3077a9d52a.jpg,13
8bb989f0a277b168.jpg,9
8bbd5f754f92b85a.jpg,13
8be27ee11a757295.jpg,0
8bff05fa512592ab.jpg,12
8c150e1b9ab55386.jpg,10
8c16c709f360997e.jpg,9
8c2428d99bc0dbec.jpg,0
8c3840c13afbdd53.jpg,16
8c5aa3ca0148d57c.jpg,9
8c677e1524b7fca6.jpg,0
8c6cd9b18d05759e.jpg,13
8c74e68ee1fb0478.jpg,9
8c80b22165511aeb.jpg,9
8c8a2f029d33ccb7.jpg,0
8c957dd1d73464ad.jpg,3
8c9726284de457fe.jpg,12
8ca1a6d9d57e1dae.jpg,3
8cc4f587b1e363ab.jpg,15
8cc84bf7695923ba.jpg,15
8ce62ae174379f7f.jpg,12
8cf431a1ea0be8b2.jpg,12
8d0b31c1d9047aab.jpg,8
8d2f120086055863.jpg,15
8d394215fab25a2e.jpg,2
8d5feba88c997751.jpg,3
8d81e96bdabb26bc.jpg,2
8d9d3bcf007601e1.jpg,16
8db50dbabefeaa4a.jpg,0
8debaae2ef1193c6.jpg,12
8e1b747608e8c7fd.jpg,9
8e1e616d3d7057cd.jpg,0
8e25f6db84e9fc2a.jpg,2
8e349f6784814d37.jpg,15
8e846b8d6505389a.jpg,5
8e92dd346648529b.jpg,9
8ea2a8105f7cf2a6.jpg,0
8edaa85afc5122e3.jpg,16
8f06b90c1c5e79f4.jpg,12
8f0beb56c8ab76fd.jpg,9
8f11fa71b5554873.jpg,5
8f2d2c8ab97cea26.jpg,7
8f307c4c9f0ec2f8.jpg,5
8f3f94833819335f.jpg,15
8f4212c831172d23.jpg,12
8f52139b50af855e.jpg,9
8f5e280a8ab3aea0.jpg,0
8f6874c8bbaa84f6.jpg,6
8f81cb3077ef9b8f.jpg,8
8fafa89aa70b3765.jpg,0
904084f310b0a554.jpg,10
904688c0c9565777.jpg,14
904d844d72813bf9.jpg,12
90806750c7bbbd88.jpg,7
90813ba35984688a.jpg,6
9084502c3c990164.jpg,10
90a7dd21330c2dfb.jpg,7
90b93f994e36feea.jpg,6
90ca3b055765dc7f.jpg,14
90cc902d36df636d.jpg,13
90dad95da5b3c7da.jpg,6
91186c812152e9c9.jpg,11
9147ca79ef091544.jpg,2
91510306bd6f8755.jpg,12
9151a70eb7f580c2.jpg,0
91696f599432f6eb.jpg,2
9186e96654f6b718.jpg,13
91965541dbf78c77.jpg,2
91a228f13fbe8d86.jpg,11
91b57d56a8d4444a.jpg,10
91c8b539243abca8.jpg,0
91e4f3753956b045.jpg,9
91ea71ebe0d8aa31.jpg,12
91eba90ad9809ef7.jpg,3
91f3d24e48d63b71.jpg,6
9209f9a110c7bf27.jpg,2
924db16ad1e8f527.jpg,6
92512354bbfb5efa.jpg,7
926537e760edd3bf.jpg,16
926cfb9b8f9666bb.jpg,13
927f894b0ef786f6.jpg,8
92c5d0a8b41449b2.jpg,10
92ce2a0fa5b38074.jpg,1
92e1a39a1d78eb99.jpg,0
92e734eb1f62294c.jpg,0
92fe48f58a7cac7c.jpg,10
93275c3e65f960cb.jpg,12
9335c0cb6c683a41.jpg,8
933666f1ffca8733.jpg,0
9365fd36fc01187d.jpg,2
937a9462f31bb3da.jpg,0
938383ffa3d55d7a.jpg,9
9392850234e6c71a.jpg,16
939e27990d6eb88f.jpg,12
93bfe70bdc44c90c.jpg,2
93cb3db1c82e23c0.jpg,8
93d4b4c6643330a9.jpg,3
93dee913e9fbd403.jpg,9
941401b99a9fb71a.jpg,16
94141bec8a45180e.jpg,5
942664e404d6100c.jpg,0
94418c7dc1a9a653.jpg,0
9451e8daad93409e.jpg,14
945fa0450aa80f11.jpg,16
948b3d3fa852ea30.jpg,8
9499de026ecc86d1.jpg,10
94c431fd1d706256.jpg,1
94c8197411d9bcb6.jpg,9
94d7078c607a6324.jpg,0
94ef9bda118f7dc2.jpg,13
94fa097bb4b92411.jpg,12
9524bff8bf3873e5.jpg,14
9537c63c55139b75.jpg,3
953e4b7f9f931587.jpg,8
958bb8c136317078.jpg,12
95a40ed2d0e19413.jpg,11
95c6c1c9dd14cad3.jpg,16
95c95639334e1a27.jpg,0
95ca68775d2ae798.jpg,6
95cfd64fbcfc1f71.jpg,3
95d5d047cd4e271b.jpg,10
95d7a0edcc47b688.jpg,16
95f01c2c24a5f34d.jpg,2
962315799b7b75c5.jpg,0
964510dfd4bbc1d9.jpg,0
964b945ada66620d.jpg,13
964d23d10b592c78.jpg,0
964d2a73871f7ff4.jpg,2
965507a84e12cd6a.jpg,8
9670b716ed8954fb.jpg,14
9679bf2f23b6d510.jpg,2
967c2f9097e6b1b6.jpg,16
9685eca43200a4f4.jpg,0
969a57dc6df5edd9.jpg,12
96ed39d1033af038.jpg,13
96f4846b95512e85.jpg,12
9714e48b2d948ad0.jpg,10
972b7d35e96e98fc.jpg,12
97335febedd405d5.jpg,11
97397ce99dd74d3a.jpg,16
9746625ab2a0ede0.jpg,16
9749005804400c3d.jpg,9
9749303af187064b.jpg,10
9758c5b94382448b.jpg,15
975f89c89ab8cbd4.jpg,8
976b4680a149c0fa.jpg,16
97704e39978cd283.jpg,13
977a19921d216c9a.jpg,5
97bd665cfd80a017.jpg,13
97caeb058cf5f96c.jpg,10
97cb591ac660da10.jpg,7
97d2de51a1d89975.jpg,1
98089e48037e4cc9.jpg,6
982b16954f6e94d5.jpg,9
98407d9cf8c6b534.jpg,7
98539ce10f10cc5e.jpg,13
988173ac473096c8.jpg,9
988344fd75e2c72e.jpg,12
989c3b54ac0da234.jpg,0
98a90227975b149e.jpg,6
98b0b1539cf398c0.jpg,0
98bc56c677dee997.jpg,0
98c18bacdff65e4e.jpg,16
98cb5f455f84b058.jpg,11
98ccd7a04c225fef.jpg,3
98e2787438ad2b08.jpg,6
98e32e2938aa32cc.jpg,6
9929a40f3eecb1bf.jpg,16
9929c1b6db14c7f4.jpg,11
993d62363c7eb474.jpg,0
99529bf6da143f8b.jpg,9
995a1e0bf8c6cf6c.jpg,0
9966cae84555e27c.jpg,12
9976edd6ed257a74.jpg,6
99899030e5c89dba.jpg,6
998a17d71508c5ce.jpg,11
99a4d9c86ee01742.jpg,6
99ae650961c53762.jpg,0
99df8c64e66515df.jpg,9
99e48f76fff3ba08.jpg,3
99e706d2b381c0f8.jpg,2
99e9c4555eed465c.jpg,6
99ea53263c0129b9.jpg,12
99f4c2fa05e915ed.jpg,15
9a006588a672a1cd.jpg,16
9a2c4b53c3a237d2.jpg,0
9a30ebdc8cbf4ddf.jpg,0
9a38e8ba45e15704.jpg,6
9a3fcd86153cdb2d.jpg,11
9a45d5ef94171ead.jpg,0
9a664ecec44550ba.jpg,0
9a6652a1b6c238b4.jpg,3
9a74abbbc301a76e.jpg,0
9a806fee38f0d281.jpg,10
9a97a34c425a4b0a.jpg,0
9ac08f8a8dd471b3.jpg,0
9aee4172c205a1e9.jpg,0
9b1c688a8ba9f49f.jpg,10
9b2b6ec83faab405.jpg,5
9b3171e372ffd7b6.jpg,2
9b360d9230ebae44.jpg,15
9b3c81cb3bd8c33d.jpg,6
9b54b6ba66d02a1c.jpg,2
9b69f6778e4db41c.jpg,9
9b6e3300463f1e88.jpg,16
9b9ea8c07213602a.jpg,15
9bc6496c64833744.jpg,9
9be22a8b31220be8.jpg,16
9be26ee59227409e.jpg,13
9bff9bd9cb990eb8.jpg,0
9c0bf384102a3414.jpg,9
9c3cdda08a34d9ad.jpg,6
9c4d18bf8558d643.jpg,16
9c5432e69573cfa4.jpg,6
9c6f71702dbd4e36.jpg,3
9c7346250b114177.jpg,9
9c94b83f3c0e6818.jpg,0
9cacd5bcaecfbb0a.jpg,0
9cf975d47d0f542c.jpg,15
9d0d07245bc7af85.jpg,3
9d10a6ff0cd4da32.jpg,6
9d315451afcdbbd6.jpg,0
9d4367824f8f9e41.jpg,16
9d4d90549725ef32.jpg,16
9d595398804725c6.jpg,0
9d6d6af300fb020b.jpg,6
9d9cd2deb54a9466.jpg,2
9d9d6b4d66051836.jpg,2
9dae1f92f1de09c9.jpg,10
9db7ee349c99c108.jpg,7
9ddcfd2083621526.jpg,13
9e01858d285f1bad.jpg,3
9e1457af524d75dd.jpg,0
9e1a82f41e8874a9.jpg,1
9e23cc79ceceea60.jpg,10
9e30b0c24fad44e1.jpg,13
9e32d5c65c99feac.jpg,5
9e4493c80739e171.jpg,11
9e550b40a1ff8a6d.jpg,6
9e87a18a6ef46b5a.jpg,16
9e8c1c47bfb33be0.jpg,7
9e95f18106634063.jpg,7
9e9a48d0b61b9e0b.jpg,9
9e9a6947011c9a0e.jpg,3
9e9fc28e7fc7d423.jpg,0
9ea3d7c6771e09cb.jpg,9
9ea5590fc081d96a.jpg,7
9ea9cad49d928cc8.jpg,10
9ee987dad0a50966.jpg,16
9f11be626fe1e370.jpg,16
9f1fbe30b7c7703c.jpg,16
9f3cee18957ee6dc.jpg,0
9f3d7375fefc5d42.jpg,13
9f449136466e2a2a.jpg,11
9f4a4f7309cf9228.jpg,9
9f5b1c60ab6753cb.jpg,9
9f6e2f98eb2bb9b1.jpg,9
9fa9ca6891468fbe.jpg,11
9fab1b13f332cd82.jpg,0
9fad14fed456c0ee.jpg,9
9fbfaddf09ea4f43.jpg,7
9fd53a4b776c81a3.jpg,8
9fe762be7d4f2b1f.jpg,16
9ff32e9dfc64a6e7.jpg,12
a0269496b087df63.jpg,15
a02b8f9382c532dc.jpg,16
a02f7a5122f0f1f9.jpg,3
a043db9f85ade89f.jpg,10
a05720c76193ddaf.jpg,3
a0787e5c28e4a0dd.jpg,15
a0819a21cf3b59b6.jpg,12
a0913cb7299c9d6d.jpg,16
a0a8e1bd3affb0e1.jpg,12
a0ac3c843be32537.jpg,2
a0ad7a8fbbd6c9a9.jpg,6
a0ae2ec93b05f51d.jpg,13
a0b5af56e59b5256.jpg,9
a0dd9b1e5263761f.jpg,12
a0deb82507bbb034.jpg,0
a0f1a69183941d9c.jpg,6
a0f29f6cc77a0cdc.jpg,0
a10a4a28705a848c.jpg,15
a11efbb08e341f74.jpg,12
a147e00d064cab8e.jpg,7
a156d9f2adc8063e.jpg,6
a1617a3206d1dac3.jpg,0
a17cb3493ac4ba9b.jpg,2
a19dde67f2473347.jpg,2
a1a719520384a188.jpg,3
a1a80f1b9e76a2b8.jpg,8
a1ee899484a96ef3.jpg,13
a1fb01f4111201a8.jpg,6
a21b47d761d884e6.jpg,0
a21e946e612742e7.jpg,15
a2305387c16a5201.jpg,11
a24470c9843c959a.jpg,12
a25b22a953c8da3c.jpg,13
a27d5bb2b060bb2b.jpg,7
a2888ff52e290a5f.jpg,3
a29ff53dc0cc3b80.jpg,11
a2ab5997a56c1122.jpg,12
a2be5c212ca3e49f.jpg,13
a2c3c93117d04486.jpg,11
a2cd60a9e5c85bdc.jpg,6
a2eaf7707283bcc1.jpg,0
a2f9d9614f6dfca2.jpg,12
a3073d61b7d3bba1.jpg,15
a308ff3f55b0e3a2.jpg,13
a32169790ac3cc1a.jpg,6
a3295e03978b5ecc.jpg,0
a3525f562196deb8.jpg,3
a3d9bb3ab63413f0.jpg,13
a410b0fad9e3f689.jpg,2
a42bb699c758104a.jpg,6
a44f6454c6c9fc61.jpg,15
a461dbd000c5c078.jpg,5
a47a207477d487d2.jpg,13
a482b731cbbb3595.jpg,6
a484c2d0a80d13b3.jpg,10
a4c844717ec51f2d.jpg,0
a4cb2dd812a76d0b.jpg,8
a4cd3ce92000fe35.jpg,15
a4d4d5f00ecc6b72.jpg,0
a4efc4e31f141ade.jpg,14
a50690b78f2fd2e3.jpg,3
a550667711fdc4c4.jpg,9
a5552da9781fc1ad.jpg,7
a5618a2678359dd5.jpg,7
a56436519ab0b055.jpg,16
a57e78f27d467acd.jpg,15
a57faea0db421c4c.jpg,5
a5ca0e5bc73ab90e.jpg,12
a5ea59146cda572c.jpg,13
a5f74ee3c37fa631.jpg,13
a5fa58e5135f56f9.jpg,12
a63848e5e73558cd.jpg,9
a63cbfcfd1a2f851.jpg,5
a65a79b18f1c5549.jpg,16
a677ea3a53878a83.jpg,2
a67caaccc2ea8ab2.jpg,2
a682c055b5da5116.jpg,6
a6b06a736e62a7d2.jpg,5
a6d1b36ee7d491b9.jpg,16
a6d8da0af61e309b.jpg,11
a700e75d47ad0f0d.jpg,2
a7109d06ba346161.jpg,9
a73fd1504440a4ef.jpg,13
a7b7198b8442c9b0.jpg,0
a7b9808910299090.jpg,6
a7d05afaac54edf5.jpg,11
a7e3813a7f482f62.jpg,2
a7ebd6524c4151f1.jpg,10
a80c7264011c0fb3.jpg,13
a80ff505f4e5edbc.jpg,11
a81bc19aecdbe88a.jpg,16
a82b1a9e14872c3b.jpg,12
a84cfb69c2f63d98.jpg,10
a853e8caff547533.jpg,4
a863cb2980f8caca.jpg,2
a87304a69ecfe940.jpg,6
a881f7c5edee1eec.jpg,1
a89b258856f1e224.jpg,12
a8bcdd7ed74d94e9.jpg,8
a8be1206bad94831.jpg,13
a8c00fee6c1fe4d0.jpg,6
a8c44a45cab43fd4.jpg,12
a8c77f2a92aa5364.jpg,6
a8e78113b604649c.jpg,15
a913171d9bae5ef8.jpg,3
a913be4015719572.jpg,15
a914aaeebcc922c6.jpg,13
a94bc73110b0c24a.jpg,10
a94f362fd78d11f7.jpg,0
a956d2a3e015d1d6.jpg,9
a972dfca4e115e81.jpg,8
a9739c817c6dad08.jpg,6
a97a2ea104526eda.jpg,0
a9875b0034b694dd.jpg,12
a9b50d2c9ff1d3ed.jpg,13
a9bafa9f86582acb.jpg,8
a9be58441f8f80f4.jpg,7
a9e85ee88f5dc139.jpg,0
a9ec116de58587ea.jpg,11
a9f0e57035e94966.jpg,13
a9f4da42af5f5c48.jpg,12
a9fbb907b8b10d5f.jpg,12
a9fcfbc79c43ddd1.jpg,6
a9fcfdd42051d55b.jpg,11
aa0bb5c57530de77.jpg,5
aa0fe3d7687790c5.jpg,0
aa152061dfaaeb6f.jpg,0
aa36ec68d9754d5b.jpg,16
aa389d5bb2952368.jpg,9
aa3d12a622c8862b.jpg,4
aa4900d1bbd6bf0e.jpg,6
aa6fe686a4c27e7b.jpg,0
aa7a364ee6bd2d45.jpg,0
aa9594fec3e07167.jpg,8
aaae764087f24651.jpg,0
aade99887e81b8c9.jpg,9
aafad66a2f157c25.jpg,0
ab082862b8f90940.jpg,11
ab10599bfb021f37.jpg,9
ab12f3db87a98bd9.jpg,12
ab67755882b62d70.jpg,2
ab6abd0d458c64a8.jpg,15
ab6d00067dff6de9.jpg,15
ab7459964e96169c.jpg,0
ab7d621b0d8fa194.jpg,6
aba3a122a0ed7599.jpg,4
abb429543a3de670.jpg,16
ac15228031dc1d54.jpg,4
ac186bbb39542c0c.jpg,7
ac3f2e4c4c7e2cbb.jpg,6
ac4904db6a564275.jpg,0
ac6e54213444fcf5.jpg,13
ac8ec8641916e7fe.jpg,16
ac8edabeb1490117.jpg,9
ac966aa3f11917e3.jpg,0
ac9a63cc8fe5fa56.jpg,2
aca5e1f87337f85e.jpg,0
acab02227b128c07.jpg,11
acabd936344dfa15.jpg,15
acbdc2456b62632f.jpg,7
acc874f979c9f508.jpg,6
acf5a010367637bc.jpg,11
ad0e5c3d3c4af29e.jpg,0
ad1829c4d5fbbaec.jpg,10
ad1f2279e62b1454.jpg,3
ad2af02095c73f17.jpg,8
ad6085fd480225b6.jpg,13
ad63406a39e548fa.jpg,16
ad89192140422774.jpg,5
ad9de103ee254f8f.jpg,0
ada48148dc527576.jpg,0
adb440fee38bb901.jpg,2
add00ded1b8d5a3b.jpg,6
add82a2d74c19cce.jpg,0
adda838699f39ead.jpg,13
adfc68d550701374.jpg,3
ae47455c768b912c.jpg,12
ae499543500004c8.jpg,0
ae7dc775e06feb1b.jpg,9
ae8eaea7874c35f3.jpg,7
ae8f75d127cc2974.jpg,0
ae9061067261e71d.jpg,6
ae9aa2f84219491f.jpg,13
aeb7d6c925a2157c.jpg,4
aee9c8ddc52076e0.jpg,8
aef1a5d168dec438.jpg,0
aef56a99ae9323ad.jpg,8
af00c00738a9da9f.jpg,4
af0fb13b691463b7.jpg,2
af1f88e3d2fe4057.jpg,6
af2427b14ad94a7c.jpg,12
af8655925d29edc9.jpg,16
af89876ca9b8c92c.jpg,16
af993f6c80989d29.jpg,15
af9c51018f6444be.jpg,14
afa014df903d0a2d.jpg,5
afa31e08d4f6249c.jpg,12
afae4bfd3de3be7a.jpg,0
afb97aa154b1d552.jpg,10
afd36b0517818856.jpg,7
afd57f84ba748ab5.jpg,12
b00a1d52b199b73b.jpg,16
b03101ee5dec47db.jpg,9
b034a53d3683423e.jpg,13
b070be200cbc7229.jpg,0
b07f0dc3b85eb51b.jpg,9
b0800b38cb26cdd1.jpg,12
b086b285236410ca.jpg,15
b09e4f8a7319af1f.jpg,13
b0bab46db7943593.jpg,12
b0fa119197adb46f.jpg,0
b118a1d968d8fb0c.jpg,2
b11d41e3e5b401d4.jpg,6
b1263006aa374a75.jpg,15
b144dc511a01ae38.jpg,4
b14e59951c0be224.jpg,6
b173da6c8b41da05.jpg,0
b17b453c6af8a490.jpg,6
b17cad7a67dd16ec.jpg,2
b1835bfda35b81c5.jpg,2
b191b047f56f8454.jpg,12
b1a5119ea16a15d5.jpg,13
b1d00f3e496b14a8.jpg,6
b2196176cc0ffda9.jpg,8
b236286b849c59b1.jpg,0
b23bc603eda8f24a.jpg,0
b24375e838a54ed1.jpg,0
b24b332fd49b9433.jpg,0
b27cb341b4870595.jpg,16
b297fcd3ef1d98d4.jpg,3
b299794f9cfbea0a.jpg,12
b2a1a2dc8491cd35.jpg,7
b2ab34f2cf83ae94.jpg,4
b2ad45926fa21313.jpg,6
b2b5cbd6545c56fb.jpg,12
b335417198be3623.jpg,0
b34922fa5543d54d.jpg,13
b35a5455e9116935.jpg,12
b363549bbe8fab80.jpg,0
b38f07f44db58592.jpg,5
b39b8456677ac83e.jpg,8
b3a300d8963fbf77.jpg,6
b3a747146af47011.jpg,12
b3ad58f94fd125a4.jpg,8
b3d2967a2c776c18.jpg,11
b3e872c54288a29d.jpg,1
b3eaa85c8d572fba.jpg,13
b3f33dd5b37ebcdd.jpg,10
b3f3f81eae0be7a8.jpg,0
b401d2585e8a710a.jpg,13
b408954c45890cdf.jpg,4
b43b82131761c3ab.jpg,16
b44679b61da66c9a.jpg,16
b4873dd64b3b11e6.jpg,13
b488347711ac5825.jpg,12
b4b319b163f5283e.jpg,12
b4c34c06f29f81fa.jpg,10
b4e223ac15451851.jpg,0
b4e3cebe63a8b36f.jpg,12
b4fd4ac63acded22.jpg,15
b4fea83953a93974.jpg,0
b51994ee101bb20b.jpg,15
b51ed0cc102d2c32.jpg,11
b52538bfbf12406e.jpg,2
b54c58e87b21a74e.jpg,5
b55e050239fcabed.jpg,16
b5667e93bfe0cdd0.jpg,5
b56b734cae1e6e32.jpg,10
b56e1db3cdbfdd2e.jpg,5
b56f3f34fd0b339e.jpg,8
b577d621272cbea5.jpg,3
b59b8d2d62c2d6fa.jpg,0
b5b263ea0ed7024d.jpg,13
b5cda3af7c95b3dc.jpg,12
b5cf3ffaef604208.jpg,6
b5d5d611f69b84b0.jpg,12
b5d91f7a9e96cfc1.jpg,13
b5f6837aeebcb5ef.jpg,12
b65dbd7e0e8a644d.jpg,13
b68151248cbb0446.jpg,16
b6b7274ff4438025.jpg,6
b6c1b44e18fba034.jpg,0
b6c8fc8b3f4a8cba.jpg,10
b6dabe111523ae05.jpg,12
b70d960fb386184f.jpg,5
b713d3491d2d0690.jpg,11
b71bff532805d61b.jpg,7
b729b63b8824bed8.jpg,6
b73eaeff8201f85b.jpg,5
b74088991226524e.jpg,16
b7684f2d88132a50.jpg,10
b7849fe5fe38b125.jpg,9
b78a6000ba7e097d.jpg,5
b792cd16e71859a3.jpg,0
b7984f42346e3529.jpg,6
b79a9095ff7956d3.jpg,1
b7a63bc5c12907dd.jpg,5
b7abae1d9061841c.jpg,9
b7f5b7e3e44babf6.jpg,10
b8013182f4f3c77b.jpg,10
b80d3c6bc4cecc88.jpg,5
b83655c461db5a23.jpg,0
b84857f8af5664f8.jpg,4
b8690335eea4f648.jpg,2
b87c97ef645aa45c.jpg,10
b889c748b57823a0.jpg,6
b88a3a7c1e543400.jpg,13
b89565f07a733411.jpg,8
b89ab3c21b7a0835.jpg,6
b8a140a83db6e160.jpg,0
b8b46bc91862dbd2.jpg,0
b8d198d9ea6f3217.jpg,0
b8d7c5722c931536.jpg,11
b8e848611401eda6.jpg,16
b8ffb5387216d121.jpg,12
b90ba15b2605cea5.jpg,2
b92540672532994a.jpg,0
b925684ecac1ef36.jpg,12
b93178ea32e85057.jpg,6
b9599e4c2e485713.jpg,10
b95bf0f664f71f4f.jpg,0
b95c108aa4601a12.jpg,0
b96738eb0a34a3a1.jpg,9
b97ff02a3e2342b9.jpg,0
b9a845e954dd57ff.jpg,6
b9ae515e9db8caff.jpg,0
b9c43dbead04b322.jpg,11
b9f38e5c41c5d2c0.jpg,4
b9fcc57eb3051305.jpg,6
ba072233d47ddbf3.jpg,12
ba1df2e66fb381fe.jpg,3
ba34b906dd996ac6.jpg,12
ba3ad8c0225bda7a.jpg,12
ba3de57a68d9cc14.jpg,7
ba70eb15749affd6.jpg,15
baba35f565a36093.jpg,8
bad3f4f92a1e18da.jpg,9
bafb843f95dbdb0d.jpg,13
bb2b47f8319ee58b.jpg,0
bb3f2459253507ad.jpg,12
bb4801f4c8f238cb.jpg,6
bb526d94bdfa4788.jpg,0
bb6b267d12f9c5dd.jpg,0
bb7d518a2e41ccce.jpg,9
bb8b3c090d2c6efd.jpg,6
bba17860e097325e.jpg,10
bbaec8719d4109d0.jpg,8
bbd5f34c4067fadb.jpg,0
bbdaee8f575e8a74.jpg,7
bc316c92f413c0fa.jpg,10
bc38bd59d4b452ec.jpg,16
bc3c63b987148ff6.jpg,13
bc41bdc300fbe45a.jpg,10
bc450b577d472252.jpg,15
bc4a60411c91d310.jpg,3
bc4b90fd52be0768.jpg,6
bc4e99e82e23571a.jpg,14
bc5fc905383f36d5.jpg,6
bc727ad13afd2cba.jpg,0
bc9af2da15862e2c.jpg,0
bc9bbc3f8622ff85.jpg,12
bca2b935cc6b6840.jpg,0
bcca3dfbac47b8cd.jpg,2
bcf9cd4bd9e3f14b.jpg,13
bd0aeefe0993bf30.jpg,2
bd1e06c7774d0ad9.jpg,12
bd22c48019c48609.jpg,2
bd2bbcf129fed938.jpg,8
bd2da16d45946416.jpg,0
bd3a7812b26ed565.jpg,0
bd3aff9ee69d869a.jpg,14
bd3f1f6b2a2d046f.jpg,1
bd5c1f8cf82e95dd.jpg,0
bd636cfc5fdaebdb.jpg,9
bd6639c382c9f0b2.jpg,0
bd8ef85029e0138f.jpg,10
bdb7e6ade1a1523e.jpg,2
bdc5992c497fb012.jpg,7
bddaf431af26a850.jpg,12
bdfc26177138627a.jpg,10
bdfedfd720d94ef9.jpg,12
be122111bb493736.jpg,5
be318de1064a888e.jpg,7
be58f50d2b85026e.jpg,6
be6b084632175966.jpg,7
be7b2b48bc3e3b3f.jpg,10
be8195007febbcd0.jpg,0
be8bd59079f43514.jpg,1
becbb15898f28513.jpg,0
bed1702fdef9c2ae.jpg,0
bed351c3484c3203.jpg,3
bed3afcc44c426c3.jpg,7
bee43b57eef65e23.jpg,12
bef933daee0cd8a3.jpg,16
bf3ec39780511d57.jpg,6
bf4ff5bc00991120.jpg,4
bf6efabd8bed10ed.jpg,10
bfb95e5d1a3f4427.jpg,0
bfea199ae77df0cf.jpg,0
c036db3c7faf33d3.jpg,12
c036e654fd794f1d.jpg,10
c0452a997dc91791.jpg,0
c05bdf0dfc422bf0.jpg,7
c0aea77924e6a7e3.jpg,10
c0b9fddf15a7669c.jpg,0
c102be62a54347cd.jpg,12
c11055de8e4e8aec.jpg,12
c148cd6a818387f4.jpg,10
c1833ab18d9f2a3e.jpg,2
c19158dee1b4d6cd.jpg,16
c1949422faa89e43.jpg,8
c1975181ea4644d2.jpg,7
c1a8f1353376a08e.jpg,0
c1b0079e54dadd7a.jpg,11
c1ffc043d3594059.jpg,11
c204fae77e31c54e.jpg,8
c20e4ca86d98b835.jpg,7
c21908abd08920af.jpg,4
c223515897571104.jpg,0
c23621e9bb4448c1.jpg,2
c254fa7128a3efc4.jpg,12
c2f905db13fa9cba.jpg,13
c3069352366c87c9.jpg,11
c3166e965009a0d5.jpg,8
c3498db00e78a5f5.jpg,6
c34a172ff24d3ada.jpg,6
c34da2a0905551f7.jpg,4
c361a21e133f7c7a.jpg,9
c37864f8e4506c5b.jpg,2
c38d42466b3eb1f2.jpg,3
c3b03c0d6124ce3c.jpg,11
c4522e000351c472.jpg,2
c45b81105263aae9.jpg,0
c4b25435ed6e5ea7.jpg,3
c4d6fc49f5f96984.jpg,11
c51a74818e41cb55.jpg,16
c51ab8d928680ca7.jpg,13
c51d432d72ceaa00.jpg,16
c565702cf1e8dd53.jpg,3
c57a4b527ad39a3b.jpg,5
c5851b63768d0d27.jpg,6
c5bb3bf7ceda2d28.jpg,12
c5c14ee99a38ee62.jpg,8
c5c6626a8c92d45a.jpg,9
c5cab328d59cb1c6.jpg,14
c5d1c1bb291951b1.jpg,9
c6255623041ee006.jpg,3
c63dff18775749ba.jpg,10
c642de0aa391498f.jpg,15
c651bf11137a85c3.jpg,11
c6895b53baa5dfe5.jpg,12
c69029faa589fe4c.jpg,6
c695ef4bd9e1a150.jpg,9
c6be0ed41650762b.jpg,9
c6c80eddf3e1cc33.jpg,12
c6cc8923f787d472.jpg,16
c6cedbc8d84f476d.jpg,16
c6d36e23adc6bbfc.jpg,7
c6d815636158dac1.jpg,11
c6e1e391a84c486a.jpg,15
c6e406feaa90b775.jpg,9
c6ebf5064ebbe6f0.jpg,12
c6f1c89f48f94b7a.jpg,0
c6f2dd95d7db4180.jpg,9
c70920cfa9a95450.jpg,2
c71b26a9d4f00e40.jpg,2
c72ed3667ae4b09b.jpg,11
c73ed65b650141ff.jpg,13
c7a37bc94671412c.jpg,9
c7abde7468977e55.jpg,6
c7b0e8b067f435e0.jpg,2
c7c1f311de037765.jpg,0
c7c544f9f1179ae5.jpg,11
c7fe39e0b08a84c4.jpg,2
c7ffdf854a1f4908.jpg,1
c8072561c79a1d17.jpg,13
c85346110f83cacf.jpg,4
c85a083214de86a8.jpg,11
c87f579da300829c.jpg,2
c889efe81fc26fd7.jpg,0
c89d9fd899af5016.jpg,8
c8b9b2772344aeac.jpg,0
c8d610b212dc8762.jpg,2
c8e50e9c804b2cd1.jpg,2
c8f91702af613d2c.jpg,11
c90a9426a57c92b1.jpg,7
c90f6b893cb9a57c.jpg,12
c912779496ba5144.jpg,12
c93d9b67fe2d4681.jpg,3
c93e2ee271a5374a.jpg,16
c9476b4f144b6122.jpg,6
c9606e96860057e4.jpg,8
c973d421fc9ba279.jpg,2
c98a2e3e0361decf.jpg,0
c9a97e5eea808a8c.jpg,16
c9adfbb9482f0a59.jpg,13
c9b99f10aef73b26.jpg,2
c9c98f80f0c83601.jpg,12
ca0c1d96e6234e63.jpg,11
ca1cfd8a758f4f0a.jpg,11
ca45113233f31aaa.jpg,0
ca472cfdc9bb11de.jpg,5
ca4751693d300d18.jpg,7
ca51ff1e4547893a.jpg,9
ca560737896d1703.jpg,15
ca7108f049c3297a.jpg,6
ca724440ac6010ba.jpg,16
ca7d48d019129bb7.jpg,16
ca8d02bfa9642347.jpg,15
ca9d933cef2dc50c.jpg,0
caa807ca79e17e92.jpg,7
caa8086d8b4bd5b8.jpg,10
cab1ad37306ec0ff.jpg,0
cadb58cd1dfbb3cb.jpg,0
cae17cc4f10d1791.jpg,8
cb07386df6260160.jpg,2
cb0fa562cc97b38b.jpg,0
cb3179f4bfdf1878.jpg,7
cb460ab41ef5b22f.jpg,2
cb46378b2f84e6c2.jpg,7
cb538190f2c88b69.jpg,0
cb558e256b233ebd.jpg,15
cb62d1abad16d2c0.jpg,8
cb9b2a30d9384262.jpg,2
cbf2683fab0fcdb0.jpg,13
cc02f38ad015bfd5.jpg,12
cc04306fc52c82bc.jpg,0
cc19878c9fc3ef1a.jpg,6
cc5b1cd2851ce46a.jpg,16
cc5cd3611844271e.jpg,9
cc7c7649d0efb765.jpg,10
cc965cc9ad205a10.jpg,8
ccabdecca562a698.jpg,0
ccb2546c87dad700.jpg,10
ccbabafce96f54e4.jpg,13
ccbb2c8f6ec52666.jpg,0
ccdbae66a4b41c58.jpg,0
ccfddf0daa73a58a.jpg,12
cd1e49eac04d75df.jpg,9
cd3ee1778b1c254c.jpg,3
cd679419cae69449.jpg,10
cd67a5dbc3004d5c.jpg,0
cd6f6cda996d48ad.jpg,9
cd761b0adbcccb3f.jpg,0
cd9a73806d275638.jpg,13
cdc6149ed9734751.jpg,3
cdc7005984b83ff8.jpg,5
ce43e8d2e0b4f4f4.jpg,6
ce5295c2657b5ee7.jpg,13
ce868d202498f6c4.jpg,11
cea716eba957dae1.jpg,0
ceaa40f761ea2706.jpg,11
ceb5f5d3c1fbf8cb.jpg,13
ced7a2c20a77782b.jpg,3
ceee8fa6a99a8755.jpg,0
cef060139450a8fc.jpg,0
cf09b1332619fc59.jpg,10
cf0e93f4924ae5c1.jpg,16
cf1937be84a9ba49.jpg,5
cf498b8e93602b90.jpg,0
cf9c449e5082643c.jpg,8
cfbb1d689357dd32.jpg,0
d008dd4b25d8d786.jpg,3
d00950b96aab9cc4.jpg,6
d0165bb7f9690eaf.jpg,2
d02bc6247903381c.jpg,12
d02d7d6dcc9e0e0a.jpg,3
d0374229f9f21fdc.jpg,0
d03b0c19a3e6885e.jpg,12
d03c3b3c635046fa.jpg,16
d0435bf1b966dc8a.jpg,0
d054966b123d943d.jpg,16
d05975ccc918b144.jpg,2
d061452dbb8abe04.jpg,11
d08d10ab2a7eeab5.jpg,6
d0939591a5d81b0d.jpg,8
d0a38b753536f888.jpg,10
d0b320ee6833dc26.jpg,7
d0ebc3c63dc22751.jpg,0
d0ec26d551eed460.jpg,10
d0f3228677186bba.jpg,6
d11cdd489773b97a.jpg,13
d12cefe0fdcb6f0e.jpg,10
d130c5f394bce960.jpg,3
d14c322969117dea.jpg,6
d14e5a1ccea0a99a.jpg,9
d1673050a47b2ab6.jpg,13
d172327d00b538ca.jpg,9
d17c27485adcad40.jpg,12
d17f088b979b84a7.jpg,5
d18fb5b3c2a27115.jpg,3
d1cf989746c8800b.jpg,8
d1d15a74dd9b2542.jpg,6
d1d7f218b052da69.jpg,8
d1dfa327ae290c3c.jpg,16
d1e4eb8c3825de02.jpg,2
d1f220e97ea460ea.jpg,6
d1f5b61410f492fa.jpg,0
d209cd2a83a2b133.jpg,5
d20e2fc76d3e14ff.jpg,12
d219ac3e71f43d12.jpg,2
d226c79e866fc42d.jpg,9
d25980ff948b72ad.jpg,12
d273294cbf0952ae.jpg,0
d27b470a02a1b41c.jpg,5
d27d01251480f117.jpg,5
d29545f2613abb90.jpg,7
d2a34898981dee7d.jpg,13
d2a9e0d2faa42d67.jpg,12
d2b00234854799ac.jpg,12
d2d64c506f6e8a40.jpg,3
d2dad8aeb3756fb5.jpg,2
d2e9eeb148860b93.jpg,11
d2ee36fdadebee03.jpg,15
d2eec9414c90a2c5.jpg,14
d2f47e4e20fdfd51.jpg,3
d30cca5a80ea5a72.jpg,5
d32e89d7aef37e4e.jpg,0
d335c9353d16185c.jpg,5
d341ef1c059a4fe4.jpg,3
d3431cabe16453bb.jpg,11
d35ff1bb8c86614e.jpg,12
d368b4415fe3bd46.jpg,2
d36aa7afe1b6113c.jpg,16
d394c42a267a320b.jpg,13
d3ada03b0df5ee42.jpg,5
d3b6935668869653.jpg,16
d3b890ba5a7a5b24.jpg,9
d3d1280950d62a56.jpg,3
d40256c7cf891ae9.jpg,10
d4131e4adb4818ac.jpg,16
d41631697bf660bb.jpg,9
d424e6d4073aea49.jpg,9
d425d9bfd68a9935.jpg,9
d426d432c9c8e1cc.jpg,0
d4335301d4f4517d.jpg,0
d44093e90e94a1fe.jpg,0
d46092f87b785b2d.jpg,12
d492e82c29ab3f03.jpg,13
d4a5def9d95a55e1.jpg,13
d4b54e8202863c5e.jpg,3
d4e6b7c3b0c71c95.jpg,0
d4f6bdf07841d463.jpg,16
d501418701472343.jpg,13
d515afa57640e82a.jpg,12
d53b0025841d7425.jpg,6
d545226592f26506.jpg,2
d572059b213a493a.jpg,13
d57c8e8e299c46b5.jpg,9
d57f9f6ef4374b32.jpg,5
d5b593c82aabb24e.jpg,7
d5c228c5300c5e12.jpg,3
d5c51f92e01992a3.jpg,3
d5c6a350033274e9.jpg,2
d5e126a0a3ec1a7c.jpg,10
d5e33916cabf4119.jpg,8
d5e71606bd76ed2c.jpg,15
d608074b218acdf2.jpg,6
d60a801df05f9b4f.jpg,15
d60b72e1c9ce1a18.jpg,0
d614c5c2cfed161c.jpg,2
d6629b05f9490d9e.jpg,12
d666a3a2fbcced6f.jpg,3
d67cdf219830e13d.jpg,0
d68f59641797cb15.jpg,15
d68fefb4ab624bbf.jpg,12
d6b6b9574a76758c.jpg,0
d6bf9861273c09e5.jpg,3
d6d05244c44e5e1c.jpg,6
d6d386755c54d84a.jpg,6
d6f202a9886947ad.jpg,0
d6f83d584afa0768.jpg,0
d701173f16c3515d.jpg,8
d746584879791e95.jpg,9
d76adc82b09461b1.jpg,12
d76c4400db47b92a.jpg,12
d78695a641502413.jpg,8
d789f5451ad6867c.jpg,13
d78d513938e56725.jpg,10
d795df8aecb77375.jpg,2
d7cae1ad19ef25bd.jpg,5
d8038869804401e7.jpg,0
d807555ee60f797a.jpg,5
d80b0c22a85c3c2b.jpg,13
d83731c3439c0cbd.jpg,8
d83835b722293ab8.jpg,7
d83d4424faffa2e2.jpg,8
d867d76c9acd2971.jpg,9
d86b9af8c6e19923.jpg,8
d87a3f3e887d79ff.jpg,11
d88e8a7417465de7.jpg,12
d8b849ce22e52fa3.jpg,9
d8c4b9df87becf3a.jpg,9
d8d56eb94619af33.jpg,5
d93b649e566deb01.jpg,12
d963c4babcb814b9.jpg,3
d980dd09476a71cb.jpg,7
d99670f237c79ab8.jpg,11
d99c091221600c38.jpg,0
d9b5acc373280aee.jpg,7
d9e45d97f84f36af.jpg,0
d9f4b6a9a1d881c0.jpg,9
da1e6ddf3b1a4cee.jpg,11
da3f28ac8621fd32.jpg,0
da47f3fe88ac54d6.jpg,5
da6788e428c836b9.jpg,13
da6c129cff3ee029.jpg,12
da71ef82d9f644a9.jpg,0
da8df4d8c1d37b1c.jpg,8
da900900911c53da.jpg,15
daa20eb7fa772dfe.jpg,13
daafb179eb506a03.jpg,7
dacdb9723b205f3d.jpg,0
dad76278a7ba045c.jpg,0
dae01c447e5d07fd.jpg,5
daec86dd99b12f19.jpg,0
db2122c963e78377.jpg,6
db30d067ae2111c3.jpg,11
db4028db7a4145a9.jpg,11
db40bc83b4eae969.jpg,0
db5106f39fe2fdc5.jpg,13
db5a0741a7f89206.jpg,0
db698d0c7746f0cf.jpg,5
db7388ecd9ef81ba.jpg,3
db8aa9cf936f8f60.jpg,2
db98405de85dfa7c.jpg,0
dbabf530a17c1ca4.jpg,12
dbb419997c4d455a.jpg,2
dbbdfdc6e1b22d39.jpg,13
dbbe7370b0a72bdc.jpg,9
dbc209575c8ed509.jpg,14
dbc32b2bbaa1e39b.jpg,0
dbc6593c40893c35.jpg,8
dbdc1cca246239ea.jpg,8
dbdd7be3a170d205.jpg,15
dbde9f808c02aee4.jpg,0
dbe82b536a4d472f.jpg,8
dbed2c83eb0eeb23.jpg,10
dbf6dfab9a234e36.jpg,0
dbf998f0726a1a48.jpg,2
dbfb15dabe217c9a.jpg,9
dc04ede0965fdce4.jpg,4
dc06b2e2e95d2ce9.jpg,12
dc08ef06884b257e.jpg,9
dc2288c82da2fab8.jpg,5
dc34af7950385a72.jpg,11
dc4e0c525b4b934d.jpg,0
dc587c5bb6a73118.jpg,11
dc8972ae28070a9d.jpg,12
dc99320f1acbfc39.jpg,10
dca41921763bff9b.jpg,3
dccbcea4a69ce6df.jpg,12
dcd5bb66bd172b4e.jpg,9
dcf84f420eeca1cb.jpg,15
dd0785fc98c37953.jpg,4
dd18a93b75a9e897.jpg,15
dd37dd34fb9cb6f3.jpg,0
dd3ae85a2763d1ec.jpg,0
dd49cfcde4e07ef9.jpg,0
dd4a502949e2a83a.jpg,13
dd7d8f7584ab3b70.jpg,15
dd8710ba0b68bd0a.jpg,12
dd997de62a10b500.jpg,6
ddaa4738aa96396f.jpg,5
ddcb262802908cb7.jpg,0
ddd0861c08ceb062.jpg,12
dddc2fa25b1a296a.jpg,8
de01cd41ffd45d38.jpg,7
de134b8d8b45f802.jpg,0
de28c1c4f8c81c57.jpg,13
de482dba4a789367.jpg,0
de4a6b1984258913.jpg,5
de4f81816aefede9.jpg,8
de6ecb4369bfa015.jpg,9
de7773a15386ece8.jpg,10
de7abfe83d376417.jpg,6
de93690927da7f29.jpg,0
dec1013c70ea785f.jpg,0
dede84fc2fd81e42.jpg,0
dedfd817bb5bb34b.jpg,10
df0b8b24c44c0dca.jpg,9
df12992ec3439118.jpg,10
df135740d4acd9e7.jpg,11
df13dc78cad73ecc.jpg,6
df1b88e04e6aec7b.jpg,6
df331f3ad1fc182a.jpg,0
df6abee2be94b5e6.jpg,0
df87dc3feb9bdc18.jpg,8
df8c76c954dccb03.jpg,12
df8edcf1789e3639.jpg,8
dfe86a93cc278942.jpg,13
dfffdf6b2f1e9d1c.jpg,8
e03ac4784fd8c55c.jpg,0
e03ee726e12bb7c2.jpg,16
e04bc213f77b2942.jpg,7
e06108aed5407107.jpg,5
e067b079c8227c9c.jpg,9
e0694b59c8675b19.jpg,6
e07f262d76152a7f.jpg,2
e09f03de966070ca.jpg,8
e0b70bd30be74a5d.jpg,1
e0b7e87520cf5549.jpg,6
e0ca1d5e09dcd8ce.jpg,15
e0d4b8e107d4b9c2.jpg,3
e0dd26c29b8a39f5.jpg,0
e123440662c16a69.jpg,0
e129cb89c1030368.jpg,6
e132f9bd07ffa2f6.jpg,6
e139bbc957c177a2.jpg,0
e16d5a8c6b7f7c6d.jpg,16
e1796bc09ab6777e.jpg,12
e17d77e3be734ff8.jpg,2
e1849f3cebd579eb.jpg,7
e18d8c0f27017a07.jpg,9
e1924ae57aaee6f7.jpg,8
e192e5bdc9980c30.jpg,15
e1a9fcf4c3ad7570.jpg,5
e1abffc178aca215.jpg,9
e1bb3d89e54633e4.jpg,0
e1c42a988bbfe72e.jpg,3
e1c66d47cdf1e919.jpg,2
e1d441d1d0d4d7f9.jpg,0
e232cc4d42dcce92.jpg,11
e24878a3facb4bf4.jpg,5
e24a985696687663.jpg,0
e24bc8764e665e39.jpg,3
e24bf5baa161817b.jpg,3
e2605fc4fe32b211.jpg,0
e260c2a4c7a89008.jpg,12
e265124f24596e77.jpg,0
e26ded53b589ccbc.jpg,11
e28b24574b46d646.jpg,7
e29ee5147eb80390.jpg,13
e2a974458d447846.jpg,2
e2b469f46cd37633.jpg,12
e2b4fcbfde74c7e3.jpg,12
e2b856dc1ca18b93.jpg,9
e2b98939b5b8bfd3.jpg,5
e2bdeffe9eabd1fd.jpg,13
e2c2bbe9d81bd55d.jpg,8
e2ccd1246b2e1d05.jpg,16
e2d42d085c048295.jpg,0
e2ed14237d2b61fa.jpg,12
e300c9b61eca11d9.jpg,3
e326dab2e46de44e.jpg,5
e3468e41354ebab7.jpg,16
e34f9e4e24bdd91f.jpg,9
e368aeb999c49171.jpg,9
e3b1e2e54a1b692a.jpg,11
e3ddf736f8f0b0c2.jpg,11
e3e998426289f278.jpg,12
e43da32056b1d04b.jpg,8
e44d7dca0525e759.jpg,5
e46a306708e544e2.jpg,4
e486cd2843acda79.jpg,9
e4a384d9939910f4.jpg,8
e4b4071a1a1c8ea8.jpg,6
e4cc6f6d945cd8a8.jpg,11
e4d20eb30fadfd38.jpg,4
e4d3e4878eac53fa.jpg,11
e4d8eb11f33d2bb5.jpg,13
e4ed27a8472c2c96.jpg,0
e4fad0f3a71f0dd0.jpg,11
e4fc86b24e984ce3.jpg,13
e51ca35a04a2d670.jpg,11
e531bc80f222450a.jpg,15
e53e561b5dc6b83f.jpg,10
e551d07318f31be2.jpg,9
e57001624d9ce0d6.jpg,15
e5729cc3c37d2d83.jpg,0
e58926c2dc51aaae.jpg,8
e59a3d47a7b62af3.jpg,11
e5aa2a6016eff202.jpg,3
e5ab127e67ca1a20.jpg,7
e5b6dbfae5744a9f.jpg,12
e5da83f2894233c4.jpg,2
e5e20948ccb4e521.jpg,13
e5fe4c9fa4078f81.jpg,0
e6494f452a02f949.jpg,0
e65a621597410c80.jpg,14
e66142847c8d41f0.jpg,13
e66c61a04f1b4c06.jpg,7
e68bc3bdeb2d2c50.jpg,15
e69911daeb007e51.jpg,0
e6a109b3b95d9bf4.jpg,8
e6cda492548183c8.jpg,7
e6f07cad96de721b.jpg,0
e706792154346dc3.jpg,10
e75f65cb5e1c3a57.jpg,15
e76da7e84ff52898.jpg,7
e7791924b7a8c5b1.jpg,6
e7870b81d299c64d.jpg,9
e7b69abf73fdb944.jpg,8
e7c1e8cb2d86c63d.jpg,7
e7e0b3bba30c1368.jpg,10
e7e63e5d797ad5f1.jpg,3
e7ea1d6dd9304763.jpg,8
e7f2c8600531b584.jpg,13
e83c6a873f183b09.jpg,16
e8749aa98d7bbc08.jpg,13
e87ab1f652cb7ac5.jpg,9
e87e3028808e83ca.jpg,9
e89a0efc3e0edde9.jpg,15
e8ab7e5e51224dd9.jpg,9
e8c12675fe45e629.jpg,8
e8c91302b9dc552d.jpg,16
e8c9f08c8c5e4535.jpg,9
e8cf963bb4d23e8d.jpg,16
e8d1e054efad88df.jpg,0
e8f1600356d9f6d2.jpg,12
e9017891529fccc3.jpg,6
e9095cdd33b979a1.jpg,11
e959d427f29efce0.jpg,0
e95dbd9c86fbf3d5.jpg,6
e95ea9c9899352fe.jpg,9
e961b3b3ae0bd499.jpg,13
e9667e72410f320c.jpg,10
e966e9ab3ac08062.jpg,2
e966f32545e91666.jpg,0
e99d1b6397e09574.jpg,12
e99de6d99201c192.jpg,0
e99fe3085bf05dd0.jpg,0
e9b5ad59511b7158.jpg,11
e9dd6cd93898c6bd.jpg,9
e9e044440d2637a9.jpg,8
e9e2beb4505053a5.jpg,8
e9e93e8998d053fc.jpg,16
ea1f0cc81ab2fa91.jpg,2
ea2a8c3d16d1036e.jpg,16
ea335f4b4d8ae30c.jpg,1
ea68818f838ad743.jpg,0
ea9180aa7df6ee51.jpg,0
ea96441d59ef2fe2.jpg,12
ea9c2247b526390e.jpg,15
eabced30df86a83c.jpg,9
eac82983b43782d7.jpg,7
eb0072b18a516b1d.jpg,0
eb0b02505c16a824.jpg,3
eb1872f416f8ab67.jpg,14
eb48dbae1f48e0a2.jpg,8
eb5bf191c86bb4eb.jpg,7
eb86d4ae029c8ac3.jpg,2
eb99570c7ecce6bc.jpg,5
eb9d0226b24ade7a.jpg,0
ebae9fff20813575.jpg,12
ebb0c7b96a225ada.jpg,16
ebef944639450357.jpg,0
ebf2c5a009ee287d.jpg,2
ebf3af9a2ea0d024.jpg,12
ec43412fe1d50e79.jpg,7
ec53e7dc44dcad61.jpg,0
ec6983c5c606d01b.jpg,9
ec7430a69da249a5.jpg,4
ec7c1b15e16c7588.jpg,8
ec812f758d18c32d.jpg,12
ec947060cfe789a2.jpg,15
ece1cc4ccd2c8cfe.jpg,12
ed0275b17001bd7f.jpg,6
ed06e3808d71f57b.jpg,8
ed0e50772a7291ed.jpg,13
ed1b0ba756983ce5.jpg,0
ed3be60c4faff0bd.jpg,16
ed5ff834b62c2351.jpg,12
ed8dfef0a151c387.jpg,2
ed98089419468d13.jpg,9
edd606c4555aac3a.jpg,9
edda47930c5c727e.jpg,11
ede1c90a4d566e17.jpg,12
ee24b9607f25d0fa.jpg,6
ee2d6c4d63b98434.jpg,9
ee30910179e29836.jpg,7
ee3428fa18207db7.jpg,0
ee46b550c435f483.jpg,6
ee95f03ddacbbb76.jpg,0
eea62a33ad1780a6.jpg,16
eeab3ba67d97d12b.jpg,0
eeb31bb9215d64a3.jpg,9
eec09ba3a1139077.jpg,2
eeceb32fbd107200.jpg,14
eedabea844ef4f6d.jpg,13
eef5a199f8a4d2fa.jpg,12
eefd38e53cad8df8.jpg,6
ef1e8083ff4e840c.jpg,7
ef31dc16ada04324.jpg,0
efa8c45de5d14c7f.jpg,12
efbb1700b36172d4.jpg,16
efbe97fe60dd2f8f.jpg,12
efc46f404355186e.jpg,8
efcc3b3d913d4e6c.jpg,11
efe0c7e608ac87d4.jpg,5
efe13cdcb019e968.jpg,15
efec5fb5c3405ffe.jpg,10
f003f51370a50c93.jpg,11
f00899924afb0d57.jpg,12
f0231abdaf73d007.jpg,0
f02840648bee247d.jpg,16
f04b1c2e6ec6b359.jpg,5
f06fefb3abfc9877.jpg,11
f08aba0820e3ced2.jpg,5
f08dd09abe9f17a5.jpg,13
f0c5a628e887deae.jpg,8
f0c99030ede49938.jpg,11
f0cb4c15818227fd.jpg,12
f0d149ab498b07df.jpg,8
f0db66f90ef8b655.jpg,12
f0f8f8cae2aa4f91.jpg,9
f10b09c552e128cc.jpg,6
f11814e85298b3ac.jpg,13
f11c8a9d1deb02c5.jpg,11
f13748d04e3589c2.jpg,9
f13b67ad52a70ca7.jpg,0
f13fb76a32b5be07.jpg,3
f14ccbf7e4c723bb.jpg,6
f152777ac6b9d3d3.jpg,6
f1554aabb2475540.jpg,0
f161158faad59821.jpg,11
f17f554666ca12ff.jpg,7
f218255cdf7e042d.jpg,2
f21f5243a3a03a5c.jpg,4
f2292ed35e627740.jpg,0
f284aab952c379c0.jpg,9
f284ce9d728b7b8c.jpg,3
f28f000c0b922231.jpg,0
f2b00d49e912c28b.jpg,3
f2bb6c9e051cd674.jpg,10
f2c1497ba33c3589.jpg,6
f2c3ec51930a24e6.jpg,14
f2dc5e9b6536a88e.jpg,12
f2e3d8d512fe5af9.jpg,3
f2ee0c899d84051d.jpg,6
f2efb6c6782737af.jpg,0
f31ab8907d7a62f1.jpg,13
f326c0e7f5a18d69.jpg,6
f32e862bb527e02b.jpg,0
f33f5aba0c140e31.jpg,0
f3476472b668cf41.jpg,0
f394c1986a58d9a6.jpg,4
f39c5eae13108c66.jpg,0
f3c59a4be5c55e39.jpg,7
f3c5ec9257a244b4.jpg,0
f3cf0f201bcd9dd8.jpg,6
f3d6ee3a1a6be165.jpg,13
f3dd12ab5ef92b2d.jpg,7
f3f2a7c21eae3dca.jpg,9
f416d903c6d85dd7.jpg,16
f4292b3af04a36e9.jpg,2
f42e74a589ea5a40.jpg,3
f467e17bbab8c38c.jpg,15
f474745a871da7ba.jpg,0
f4a3d0a04cda84fe.jpg,3
f4befaace327f3aa.jpg,1
f4d0744845c5a8a2.jpg,11
f4f3eac261c6a77a.jpg,6
f4f5ac16a14bb916.jpg,0
f4f7753dc2bfb99b.jpg,4
f4fa9e366fdfafe7.jpg,8
f51a904283fc6f60.jpg,1
f531310cc3b49735.jpg,12
f53c9b465694f2a7.jpg,0
f548b18f9c2f1732.jpg,12
f5518cc24cad0e85.jpg,11
f56f416febae1730.jpg,13
f579bf00a38d8eba.jpg,0
f582033c5dfcf3b6.jpg,13
f58396ee9922d461.jpg,2
f5ac2d892aae4690.jpg,15
f5af0d45a1bfabeb.jpg,13
f5c3333e0b63b205.jpg,15
f5e808667c1a793f.jpg,12
f6086302c6d317d2.jpg,11
f61c2eb39b97f682.jpg,6
f62f951c90fc7c94.jpg,0
f633cb1682c13eef.jpg,12
f63a7c994dfdbec4.jpg,8
f64468fee200de7f.jpg,15
f648747bdffbaea0.jpg,9
f652c12e67c66c6f.jpg,2
f66e519ed6c0e74e.jpg,10
f6985a3a9f3907f9.jpg,8
f6aac8f80acb4da5.jpg,9
f6c815713e2df3ed.jpg,9
f6d85544806672fa.jpg,13
f742c25b6b4498d6.jpg,12
f744ae408a064b4c.jpg,0
f7468b650cf5b856.jpg,2
f74e037dd9b03f97.jpg,0
f75181d81619ced3.jpg,2
f76371522c7f066a.jpg,9
f7702f3e49fd6af1.jpg,15
f771a5dd38328084.jpg,9
f78724aeeeee4ba6.jpg,15
f79c631de960a742.jpg,12
f7af475e307d74ae.jpg,11
f7cd80294252c2e5.jpg,12
f7ec3bdee254abbf.jpg,13
f7f26757a8333561.jpg,12
f7f6b0add190a48f.jpg,2
f81951fa9908eec2.jpg,0
f81f2926e990d373.jpg,12
f830778e8769f032.jpg,4
f831eba2f22f6104.jpg,12
f8349caa92ef7304.jpg,10
f83bc9783c06ac3a.jpg,11
f8411030a07ff0ef.jpg,0
f85a952fe68d9086.jpg,9
f867719ca398753f.jpg,12
f86bf07a146f6d3d.jpg,0
f87a2f7db038dca5.jpg,15
f87fdd6c08a4fb1f.jpg,2
f8a3a3bffd832fb0.jpg,7
f8b8397d810afe6f.jpg,2
f8b923cc784b1a01.jpg,0
f8d1c4541dbb4e9b.jpg,15
f8e1fb97fa382075.jpg,0
f8ea5351245901e1.jpg,2
f915c7ed2f0da1f0.jpg,6
f92e9dbad6f08b68.jpg,16
f938a5eacf2ac36e.jpg,9
f93a97c7503a74bb.jpg,2
f93d4698602a8eb2.jpg,10
f95c84c901644f43.jpg,3
f966981f06d63c75.jpg,9
f966a670b26cd62a.jpg,13
f976ea88bbf535fd.jpg,14
f97a8de79fdd120a.jpg,1
f9903346df187c20.jpg,12
f99a546a5539cfbf.jpg,11
f9b33baa8cffa5ba.jpg,8
f9b7f10291d92853.jpg,9
f9b9b6043c0eefed.jpg,13
f9c3878f86c0e825.jpg,2
f9cb9b8539a0ef96.jpg,12
f9d470115a4876d2.jpg,11
f9d605a4aaa1e065.jpg,11
f9ed7ca844bb4d65.jpg,11
f9f4967b642cfa2c.jpg,11
fa04e014fc886cc7.jpg,13
fa1a9c70401b36ff.jpg,3
fa212b3110f72316.jpg,13
fa3da6a533092084.jpg,12
fa65e00002944172.jpg,2
fa8429627ef6680e.jpg,2
fa8f5676d4bbee86.jpg,0
facf95b02e418894.jpg,0
fb059068332067dd.jpg,0
fb0cae80fe2ac9fc.jpg,0
fb409fca105c958f.jpg,4
fb4aab42211eb331.jpg,5
fb65504f89749e15.jpg,3
fb947536ad14961a.jpg,7
fb9924486af9b168.jpg,10
fba7d069a683e618.jpg,0
fbc858824722982c.jpg,6
fbcb7823bbfd6008.jpg,7
fbeb1ac3d9311231.jpg,13
fc04d15f80736458.jpg,15
fc0d6a7ad502cc86.jpg,6
fc23b6bc90ba1e39.jpg,0
fc2a40463c5fbc62.jpg,11
fc2c5f6e5d40ce18.jpg,0
fc4e7d28b421674b.jpg,3
fc51e2f2a0717743.jpg,0
fc63e1023ccc9f3c.jpg,9
fc7c9c3aa7fbf1d8.jpg,16
fc872debee38eb7d.jpg,2
fc9cbd311e6be876.jpg,12
fca8ceca321331b7.jpg,15
fcefb15c88bee6d2.jpg,2
fcf52ea455ca476d.jpg,3
fcfecc4c06bd2c97.jpg,10
fcff04fc711b6b60.jpg,9
fcff9fb09fa61a63.jpg,6
fd05687092296548.jpg,6
fd1044f7f7a90194.jpg,8
fd1049bb59b78775.jpg,16
fd1927eb0768a55b.jpg,9
fd3841bc60862989.jpg,15
fd3ae6bc2ca395bc.jpg,9
fd4e92ed4f5c452e.jpg,15
fd5307c7a3700629.jpg,0
fd539ff686027c0c.jpg,7
fd5763814d0dc8cd.jpg,1
fd6c4a06eebc95ff.jpg,16
fda82cd92fe332e3.jpg,12
fdaedda2dc4685a9.jpg,13
fdcd392ca7d3ba10.jpg,0
fdd0f05e0d323a99.jpg,12
fe01b41b39d90c5d.jpg,11
fe36c0fd5f50924f.jpg,12
fe5352b29f25d6fe.jpg,13
fe86b7318956bf3f.jpg,9
feae829823ba76c0.jpg,0
fecc824e850e1f41.jpg,4
fedb4785b031363f.jpg,10
fef1651e402b9db2.jpg,15
fef6fe429365b6f6.jpg,7
ff2f82db799bf247.jpg,9
ff31c0f0fdc21455.jpg,0
ff361d65c5d26fea.jpg,6
ff611b061f5ceb6d.jpg,11
ff6a9e516d685849.jpg,0
ff70a399a80c1c96.jpg,11
ffae8e4907100e60.jpg,2
ffb4b6f619fb60ea.jpg,6
ffb54299b1ad4159.jpg,12
ffc2c91dff8cf2c0.jpg,8
ffc4e330a5353a2a.jpg,0
ffc71fed753d90c1.jpg,12
